time,seconds_elapsed,z,y,x,sensor,activity,file_source
1761307734579966500,0.142966552734375,0.026419922709465,0.0096211275085806,1.0682506561279297,gyroscope,Walking,Gyroscope_1.csv
1761307734596651300,0.1596513671875,-0.1681406646966934,0.1849394589662552,1.100015640258789,gyroscope,Walking,Gyroscope_1.csv
1761307734613484800,0.17648486328125,-0.4747950136661529,0.4399756789207458,1.1279627084732056,gyroscope,Walking,Gyroscope_1.csv
1761307734630292200,0.193292236328125,-0.8245153427124023,0.5313000679016113,1.03984534740448,gyroscope,Walking,Gyroscope_1.csv
1761307734647138300,0.21013818359375,-1.060614824295044,0.3243694305419922,0.8161159753799438,gyroscope,Walking,Gyroscope_1.csv
1761307734663963400,0.22696337890625,-1.0587822198867798,-0.1508837193250656,0.4747950136661529,gyroscope,Walking,Gyroscope_1.csv
1761307734680761900,0.243761962890625,-0.8086328506469727,-0.6162103414535522,0.1084285825490951,gyroscope,Walking,Gyroscope_1.csv
1761307734697602000,0.26060205078125,-0.2877175211906433,-0.870330274105072,-0.116827979683876,gyroscope,Walking,Gyroscope_1.csv
1761307734714411800,0.277411865234375,0.2496911734342575,-1.1872166395187378,-0.2594650089740753,gyroscope,Walking,Gyroscope_1.csv
1761307734731231000,0.29423095703125,0.7309002876281738,-1.454928278923035,-0.4108068645000458,gyroscope,Walking,Gyroscope_1.csv
1761307734748047400,0.31104736328125,1.1368201971054075,-1.4526375532150269,-0.4668537676334381,gyroscope,Walking,Gyroscope_1.csv
1761307734764878300,0.32787841796875,1.080162525177002,-1.6423112154006958,-0.5326744914054871,gyroscope,Walking,Gyroscope_1.csv
1761307734781697000,0.344697021484375,0.7105889916419983,-2.094046115875244,-0.6029239892959595,gyroscope,Walking,Gyroscope_1.csv
1761307734798518300,0.361518310546875,0.6272059082984924,-2.746450185775757,-0.5791002511978149,gyroscope,Walking,Gyroscope_1.csv
1761307734815340300,0.37834033203125,0.8674286603927612,-3.0473012924194336,-0.2341141104698181,gyroscope,Walking,Gyroscope_1.csv
1761307734832161500,0.39516162109375,0.9150761365890504,-2.71376895904541,0.342084527015686,gyroscope,Walking,Gyroscope_1.csv
1761307734849000200,0.412000244140625,0.7252497673034668,-2.5416576862335205,0.745408296585083,gyroscope,Walking,Gyroscope_1.csv
1761307734865802200,0.42880224609375,0.6522513628005981,-2.400700330734253,0.8452847599983215,gyroscope,Walking,Gyroscope_1.csv
1761307734882636500,0.445636474609375,0.6989825367927551,-2.4805710315704346,0.6814202070236206,gyroscope,Walking,Gyroscope_1.csv
1761307734899465500,0.462465576171875,0.7247915863990784,-2.925281047821045,0.5505422949790955,gyroscope,Walking,Gyroscope_1.csv
1761307734916283400,0.479283447265625,0.7385360598564148,-3.4455854892730717,0.4216497242450714,gyroscope,Walking,Gyroscope_1.csv
1761307734933104000,0.496104248046875,0.8414669036865234,-3.712533473968506,0.1415680199861526,gyroscope,Walking,Gyroscope_1.csv
1761307734949933300,0.512933349609375,0.9234755635261536,-3.3759467601776123,-0.1224784851074218,gyroscope,Walking,Gyroscope_1.csv
1761307734966741500,0.529741455078125,1.057865858078003,-2.676658868789673,-0.2011273801326751,gyroscope,Walking,Gyroscope_1.csv
1761307734983543600,0.54654345703125,1.21333110332489,-2.009746551513672,-0.0119118718430399,gyroscope,Walking,Gyroscope_1.csv
1761307735000386000,0.563385986328125,1.3962851762771606,-1.681712031364441,0.1887573599815368,gyroscope,Walking,Gyroscope_1.csv
1761307735017223700,0.5802236328125,1.5777121782302856,-1.9318612813949585,0.2797762751579284,gyroscope,Walking,Gyroscope_1.csv
1761307735034014000,0.597013916015625,1.7493653297424316,-2.276541948318481,0.2011273801326751,gyroscope,Walking,Gyroscope_1.csv
1761307735050859800,0.61385986328125,1.9356791973114011,-2.1925480365753174,0.0665843114256858,gyroscope,Walking,Gyroscope_1.csv
1761307735067643100,0.63064306640625,2.068237066268921,-1.7620408535003662,-0.1117883399128913,gyroscope,Walking,Gyroscope_1.csv
1761307735084482300,0.647482421875,2.037388324737549,-1.2296717166900637,-0.1916589736938476,gyroscope,Walking,Gyroscope_1.csv
1761307735101310000,0.66431005859375,1.9469802379608157,-0.9178250432014464,-0.1443169116973877,gyroscope,Walking,Gyroscope_1.csv
1761307735118128000,0.681128173828125,1.83992612361908,-0.807563841342926,-0.1443169116973877,gyroscope,Walking,Gyroscope_1.csv
1761307735134949600,0.69794970703125,1.940566182136536,-0.6508769392967224,-0.3481931984424591,gyroscope,Walking,Gyroscope_1.csv
1761307735151751000,0.7147509765625,2.087631940841675,-0.4885394871234894,-0.630871057510376,gyroscope,Walking,Gyroscope_1.csv
1761307735168610300,0.7316103515625,2.150551080703736,-0.4268420934677124,-0.8914051055908203,gyroscope,Walking,Gyroscope_1.csv
1761307735185414000,0.748413818359375,2.188271999359131,-0.5791002511978149,-1.029613375663757,gyroscope,Walking,Gyroscope_1.csv
1761307735202249500,0.76524951171875,2.120313167572021,-0.6539312601089478,-0.9807441234588624,gyroscope,Walking,Gyroscope_1.csv
1761307735219069700,0.782069580078125,2.094351530075073,-0.7185302376747131,-0.8753699064254761,gyroscope,Walking,Gyroscope_1.csv
1761307735235877600,0.798877685546875,2.0951151847839355,-0.7287622094154358,-0.7791585922241211,gyroscope,Walking,Gyroscope_1.csv
1761307735252700700,0.81570068359375,2.037846565246582,-0.6905831694602966,-0.7049384713172913,gyroscope,Walking,Gyroscope_1.csv
1761307735269522000,0.83252197265625,1.9889771938323972,-0.707840085029602,-0.6623306274414062,gyroscope,Walking,Gyroscope_1.csv
1761307735286331600,0.84933154296875,1.982715845108032,-0.8350527882575989,-0.6484334468841553,gyroscope,Walking,Gyroscope_1.csv
1761307735303165400,0.86616552734375,1.9674441814422607,-0.9695958495140076,-0.6383541822433472,gyroscope,Walking,Gyroscope_1.csv
1761307735319987000,0.882987060546875,1.8571830987930296,-0.997237503528595,-0.5462662577629089,gyroscope,Walking,Gyroscope_1.csv
1761307735336809000,0.89980908203125,1.6913331747055054,-0.9179777503013612,-0.3787364661693573,gyroscope,Walking,Gyroscope_1.csv
1761307735353644300,0.916644287109375,1.4746286869049072,-0.7782423496246338,-0.2394591718912124,gyroscope,Walking,Gyroscope_1.csv
1761307735370465300,0.93346533203125,1.26067316532135,-0.5429064631462097,-0.1635591685771942,gyroscope,Walking,Gyroscope_1.csv
1761307735387285000,0.950284912109375,1.1201741695404053,-0.3669773042201996,-0.1744020283222198,gyroscope,Walking,Gyroscope_1.csv
1761307735404108300,0.9671083984375,0.9929614663124084,-0.2557998299598694,-0.2235766798257827,gyroscope,Walking,Gyroscope_1.csv
1761307735420930600,0.9839306640625,0.8542950749397278,-0.2098322063684463,-0.2845104932785034,gyroscope,Walking,Gyroscope_1.csv
1761307735437751600,1.00075146484375,0.7374670505523682,-0.2002110779285431,-0.2898555696010589,gyroscope,Walking,Gyroscope_1.csv
1761307735454575600,1.01757568359375,0.6827946305274963,-0.2312124967575073,-0.2005165219306945,gyroscope,Walking,Gyroscope_1.csv
1761307735471384300,1.03438427734375,0.6925684809684753,-0.2611449062824249,-0.0574213340878486,gyroscope,Walking,Gyroscope_1.csv
1761307735488213500,1.051213623046875,0.7040221691131592,-0.2310597747564315,0.122631199657917,gyroscope,Walking,Gyroscope_1.csv
1761307735505038300,1.068038330078125,0.6378960609436035,-0.1779145002365112,0.280539870262146,gyroscope,Walking,Gyroscope_1.csv
1761307735521834800,1.084834716796875,0.4489859640598297,-0.1272126883268356,0.4079052805900574,gyroscope,Walking,Gyroscope_1.csv
1761307735538675000,1.101675048828125,0.2189951837062835,-0.1600466966629028,0.5210680365562439,gyroscope,Walking,Gyroscope_1.csv
1761307735555492900,1.118492919921875,-0.0216857157647609,-0.244804248213768,0.6441574096679688,gyroscope,Walking,Gyroscope_1.csv
1761307735572298800,1.135298828125,-0.2528982162475586,-0.366213709115982,0.7895433306694031,gyroscope,Walking,Gyroscope_1.csv
1761307735589131800,1.1521318359375,-0.4575380682945251,-0.5271766781806946,0.9353874325752258,gyroscope,Walking,Gyroscope_1.csv
1761307735605953000,1.168953125,-0.6377432942390442,-0.6664539575576782,1.0587822198867798,gyroscope,Walking,Gyroscope_1.csv
1761307735622775300,1.185775390625,-0.7835873961448669,-0.7423539757728577,1.1317806243896484,gyroscope,Walking,Gyroscope_1.csv
1761307735639596800,1.2025966796875,-0.9379835724830629,-0.7392996549606323,1.1549934148788452,gyroscope,Walking,Gyroscope_1.csv
1761307735656436500,1.2194365234375,-1.1212431192398071,-0.6875288486480713,1.1377365589141846,gyroscope,Walking,Gyroscope_1.csv
1761307735673250300,1.236250244140625,-1.31916344165802,-0.5532912015914917,1.0942124128341677,gyroscope,Walking,Gyroscope_1.csv
1761307735690078200,1.253078125,-1.501048564910889,-0.3243694305419922,1.0309878587722778,gyroscope,Walking,Gyroscope_1.csv
1761307735706881300,1.26988134765625,-1.6502524614334106,-0.0960585623979568,0.977689802646637,gyroscope,Walking,Gyroscope_1.csv
1761307735723697700,1.28669775390625,-1.765705943107605,0.0809396430850029,0.9636399149894714,gyroscope,Walking,Gyroscope_1.csv
1761307735740529400,1.303529296875,-1.8516852855682373,0.1852448880672454,0.9717338681221008,gyroscope,Walking,Gyroscope_1.csv
1761307735757347800,1.320347900390625,-1.9103283882141116,0.2295326143503189,0.9566149711608888,gyroscope,Walking,Gyroscope_1.csv
1761307735774169000,1.337169189453125,-1.9381227493286133,0.2130392491817474,0.9127854108810424,gyroscope,Walking,Gyroscope_1.csv
1761307735790990800,1.353990966796875,-1.921171188354492,0.1866193264722824,0.8556694984436035,gyroscope,Walking,Gyroscope_1.csv
1761307735807811800,1.370811767578125,-1.8640552759170528,0.1901318132877349,0.8144360780715942,gyroscope,Walking,Gyroscope_1.csv
1761307735824651300,1.3876513671875,-1.7892242670059204,0.2180788964033126,0.7941248416900635,gyroscope,Walking,Gyroscope_1.csv
1761307735841449500,1.404449462890625,-1.7272214889526367,0.2225076705217361,0.7762570381164551,gyroscope,Walking,Gyroscope_1.csv
1761307735858290400,1.42129052734375,-1.6420058012008667,0.194713294506073,0.7309002876281738,gyroscope,Walking,Gyroscope_1.csv
1761307735875113200,1.43811328125,-1.5225815773010254,0.1406517177820205,0.6539312601089478,gyroscope,Walking,Gyroscope_1.csv
1761307735891921000,1.4549208984375,-1.3833043575286863,0.0914770737290382,0.5552765130996704,gyroscope,Walking,Gyroscope_1.csv
1761307735908738600,1.471738525390625,-1.2457069158554075,0.0809396430850029,0.4728097021579742,gyroscope,Walking,Gyroscope_1.csv
1761307735925575200,1.4885751953125,-1.1220067739486694,0.0879645943641662,0.4019493460655212,gyroscope,Walking,Gyroscope_1.csv
1761307735942423800,1.505423828125,-0.9871582388877868,0.0789543315768241,0.3260493278503418,gyroscope,Walking,Gyroscope_1.csv
1761307735959224000,1.52222412109375,-0.8503243923187256,0.0404698215425014,0.2519819140434265,gyroscope,Walking,Gyroscope_1.csv
1761307735976038100,1.5390380859375,-0.7206682562828064,-0.034972034394741,0.1806633919477462,gyroscope,Walking,Gyroscope_1.csv
1761307735992833000,1.5558330078125,-0.5926920175552368,-0.1327104717493057,0.1093448773026466,gyroscope,Walking,Gyroscope_1.csv
1761307736009684500,1.5726845703125,-0.465937465429306,-0.1603521257638931,0.0197004042565822,gyroscope,Walking,Gyroscope_1.csv
1761307736026506800,1.5895068359375,-0.3590360581874847,-0.1371392458677292,-0.0778853222727775,gyroscope,Walking,Gyroscope_1.csv
1761307736043305700,1.6063056640625,-0.2594650089740753,-0.1116356253623962,-0.183106854557991,gyroscope,Walking,Gyroscope_1.csv
1761307736060132600,1.623132568359375,-0.1403462886810302,-0.0948368310928344,-0.275805652141571,gyroscope,Walking,Gyroscope_1.csv
1761307736076960300,1.639960205078125,-0.0192422550171613,-0.1350012123584747,-0.3445279896259308,gyroscope,Walking,Gyroscope_1.csv
1761307736093779500,1.656779541015625,0.0867428630590438,-0.2362521290779113,-0.4259257912635803,gyroscope,Walking,Gyroscope_1.csv
1761307736110600400,1.673600341796875,0.1838704347610473,-0.3359758853912353,-0.5502368807792664,gyroscope,Walking,Gyroscope_1.csv
1761307736127404300,1.690404296875,0.2677116990089416,-0.3758348524570465,-0.7353290319442749,gyroscope,Walking,Gyroscope_1.csv
1761307736144243500,1.707243408203125,0.3846924006938934,-0.2893974184989929,-0.9863946437835692,gyroscope,Walking,Gyroscope_1.csv
1761307736161079600,1.72407958984375,0.5592471361160278,-0.0377209298312664,-1.2415835857391355,gyroscope,Walking,Gyroscope_1.csv
1761307736177900500,1.740900634765625,0.7420485615730286,0.2231185287237167,-1.3883439302444458,gyroscope,Walking,Gyroscope_1.csv
1761307736194713300,1.75771337890625,0.8462010622024536,0.3278819322586059,-1.363909363746643,gyroscope,Walking,Gyroscope_1.csv
1761307736211548200,1.774548095703125,0.8695666790008545,0.2142609804868698,-1.1910345554351809,gyroscope,Walking,Gyroscope_1.csv
1761307736228353800,1.791353759765625,0.8391761183738708,-0.0135917514562606,-0.9680687189102172,gyroscope,Walking,Gyroscope_1.csv
1761307736245171000,1.8081708984375,0.782976508140564,-0.2561052441596985,-0.7929030656814575,gyroscope,Walking,Gyroscope_1.csv
1761307736261994500,1.824994384765625,0.7415903806686401,-0.408363401889801,-0.7095199823379517,gyroscope,Walking,Gyroscope_1.csv
1761307736278816000,1.84181591796875,0.7273877859115601,-0.4247040748596191,-0.7218900322914124,gyroscope,Walking,Gyroscope_1.csv
1761307736295638000,1.858637939453125,0.7101308703422546,-0.3208569586277008,-0.8231409192085266,gyroscope,Walking,Gyroscope_1.csv
1761307736312462600,1.875462646484375,0.7203628420829773,-0.1953241676092147,-0.9795224070549012,gyroscope,Walking,Gyroscope_1.csv
1761307736329298200,1.892298095703125,0.7883216142654419,-0.0415388382971286,-1.169501543045044,gyroscope,Walking,Gyroscope_1.csv
1761307736346107400,1.909107421875,0.860556423664093,0.1296561509370803,-1.34283447265625,gyroscope,Walking,Gyroscope_1.csv
1761307736362938000,1.925938232421875,0.8941540122032166,0.2837468981742859,-1.4300355911254885,gyroscope,Walking,Gyroscope_1.csv
1761307736379755500,1.942755615234375,0.9228646755218506,0.3743076920509338,-1.4309518337249756,gyroscope,Walking,Gyroscope_1.csv
1761307736396568600,1.959568603515625,0.9553932547569276,0.399200439453125,-1.359175205230713,gyroscope,Walking,Gyroscope_1.csv
1761307736413402400,1.97640234375,0.9870055317878724,0.3680463135242462,-1.2293663024902344,gyroscope,Walking,Gyroscope_1.csv
1761307736430224400,1.993224365234375,1.0196868181228638,0.2635883390903473,-1.0514518022537231,gyroscope,Walking,Gyroscope_1.csv
1761307736447039700,2.010039794921875,1.0604621171951294,0.1175915598869323,-0.8170322775840759,gyroscope,Walking,Gyroscope_1.csv
1761307736463873300,2.026873291015625,1.098793864250183,-0.0068722339347004,-0.5653557777404785,gyroscope,Walking,Gyroscope_1.csv
1761307736480664800,2.043664794921875,1.1207849979400637,-0.0716239511966705,-0.3700316250324249,gyroscope,Walking,Gyroscope_1.csv
1761307736497506300,2.06050634765625,1.1110111474990845,-0.0939205288887023,-0.2622139155864715,gyroscope,Walking,Gyroscope_1.csv
1761307736514316000,2.07731591796875,1.083064079284668,-0.1434006094932556,-0.2370157092809677,gyroscope,Walking,Gyroscope_1.csv
1761307736531131000,2.094130859375,1.0566442012786863,-0.1960877478122711,-0.2771801054477691,gyroscope,Walking,Gyroscope_1.csv
1761307736547958300,2.110958251953125,1.046717643737793,-0.1786780804395675,-0.3917173445224762,gyroscope,Walking,Gyroscope_1.csv
1761307736564786000,2.127785888671875,1.0279334783554075,-0.0687223374843597,-0.5192354321479797,gyroscope,Walking,Gyroscope_1.csv
1761307736581591600,2.144591552734375,0.9851729273796082,0.0855211317539215,-0.5910121202468872,gyroscope,Walking,Gyroscope_1.csv
1761307736598425900,2.16142578125,0.9256135821342468,0.247553139925003,-0.6076582074165344,gyroscope,Walking,Gyroscope_1.csv
1761307736615247000,2.1782470703125,0.8637634515762329,0.3094032406806946,-0.6049093008041382,gyroscope,Walking,Gyroscope_1.csv
1761307736632086800,2.195086669921875,0.8249735236167908,0.2955060601234436,-0.5722280144691467,gyroscope,Walking,Gyroscope_1.csv
1761307736648887800,2.2118876953125,0.8156577944755554,0.2432770878076553,-0.5166392922401428,gyroscope,Walking,Gyroscope_1.csv
1761307736665709800,2.228709716796875,0.816421389579773,0.1534798890352249,-0.4004221558570862,gyroscope,Walking,Gyroscope_1.csv
1761307736682528000,2.245528076171875,0.8006916046142578,0.0665843114256858,-0.2174680233001709,gyroscope,Walking,Gyroscope_1.csv
1761307736699366000,2.262365966796875,0.751669704914093,-0.0453567430377006,0.0142026171088218,gyroscope,Walking,Gyroscope_1.csv
1761307736716177400,2.279177490234375,0.7061602473258972,-0.1788308024406433,0.2298380434513092,gyroscope,Walking,Gyroscope_1.csv
1761307736732998700,2.29599853515625,0.6598871946334839,-0.2895501255989074,0.3746131062507629,gyroscope,Walking,Gyroscope_1.csv
1761307736749820200,2.312820068359375,0.5705481171607971,-0.327271044254303,0.4327980279922485,gyroscope,Walking,Gyroscope_1.csv
1761307736766642000,2.329641845703125,0.4314235746860504,-0.3086396753787994,0.3961461186408996,gyroscope,Walking,Gyroscope_1.csv
1761307736783463200,2.346463134765625,0.2698497176170349,-0.2374738603830337,0.3129157125949859,gyroscope,Walking,Gyroscope_1.csv
1761307736800282600,2.36328271484375,0.1143845170736312,-0.1382082551717758,0.2017382532358169,gyroscope,Walking,Gyroscope_1.csv
1761307736817125000,2.380125,-0.0267253536731004,-0.0589484944939613,0.0960585623979568,gyroscope,Walking,Gyroscope_1.csv
1761307736833925400,2.39692529296875,-0.1420261710882187,-0.0200058370828628,0.0536034256219863,gyroscope,Walking,Gyroscope_1.csv
1761307736850763500,2.413763427734375,-0.2464841306209564,-0.0119118718430399,0.0899499058723449,gyroscope,Walking,Gyroscope_1.csv
1761307736867565800,2.43056591796875,-0.3602577745914459,-0.0273362193256616,0.2026545405387878,gyroscope,Walking,Gyroscope_1.csv
1761307736884409300,2.447409423828125,-0.502436637878418,-0.036499198526144,0.3749185502529144,gyroscope,Walking,Gyroscope_1.csv
1761307736901227000,2.46422705078125,-0.6794348955154419,-0.0474947728216648,0.5482515692710876,gyroscope,Walking,Gyroscope_1.csv
1761307736918051000,2.481051025390625,-0.8944594264030457,-0.0403171069920063,0.7009678483009338,gyroscope,Walking,Gyroscope_1.csv
1761307736934866200,2.4978662109375,-1.135140299797058,-0.0542142912745475,0.8080220222473145,gyroscope,Walking,Gyroscope_1.csv
1761307736951692000,2.514692138671875,-1.368032693862915,-0.085062988102436,0.8830057382583618,gyroscope,Walking,Gyroscope_1.csv
1761307736968514600,2.5315146484375,-1.5616769790649414,-0.1282816976308822,0.9272934198379515,gyroscope,Walking,Gyroscope_1.csv
1761307736985319200,2.548319091796875,-1.7122552394866943,-0.1467603743076324,0.956156849861145,gyroscope,Walking,Gyroscope_1.csv
1761307737002154000,2.565154052734375,-1.8416060209274288,-0.1189660057425499,0.9900598526000975,gyroscope,Walking,Gyroscope_1.csv
1761307737018965200,2.58196533203125,-1.9608774185180664,-0.0923933684825897,1.0380127429962158,gyroscope,Walking,Gyroscope_1.csv
1761307737035787300,2.598787353515625,-2.061975717544556,-0.0952949747443199,1.0713049173355105,gyroscope,Walking,Gyroscope_1.csv
1761307737052611300,2.615611328125,-2.101987361907959,-0.111024759709835,1.0531316995620728,gyroscope,Walking,Gyroscope_1.csv
1761307737069427000,2.632427001953125,-2.08747935295105,-0.0592539273202419,0.9841039180755616,gyroscope,Walking,Gyroscope_1.csv
1761307737086249200,2.649249267578125,-2.050521850585937,0.0655152946710586,0.8849910497665405,gyroscope,Walking,Gyroscope_1.csv
1761307737103075000,2.666074951171875,-2.0225749015808105,0.2220495194196701,0.7837401032447815,gyroscope,Walking,Gyroscope_1.csv
1761307737119912200,2.682912109375,-1.9898935556411743,0.3297145068645477,0.697149932384491,gyroscope,Walking,Gyroscope_1.csv
1761307737136730600,2.699730712890625,-1.9391916990280151,0.3678936064243316,0.6395758986473083,gyroscope,Walking,Gyroscope_1.csv
1761307737153534700,2.71653466796875,-1.867262363433838,0.35659259557724,0.6186537742614746,gyroscope,Walking,Gyroscope_1.csv
1761307737170373000,2.733373046875,-1.8035796880722048,0.3358231782913208,0.6154467463493347,gyroscope,Walking,Gyroscope_1.csv
1761307737187178500,2.750178466796875,-1.7516560554504397,0.319024384021759,0.6073527932167053,gyroscope,Walking,Gyroscope_1.csv
1761307737203999000,2.7669990234375,-1.6818647384643557,0.319024384021759,0.5739079117774963,gyroscope,Walking,Gyroscope_1.csv
1761307737220823800,2.78382373046875,-1.5749633312225342,0.3254384696483612,0.5236642360687256,gyroscope,Walking,Gyroscope_1.csv
1761307737237645800,2.800645751953125,-1.4358386993408203,0.3287982046604156,0.4780020415782928,gyroscope,Walking,Gyroscope_1.csv
1761307737254467300,2.81746728515625,-1.289994716644287,0.309708684682846,0.4353941977024078,gyroscope,Walking,Gyroscope_1.csv
1761307737271285500,2.834285400390625,-1.141707181930542,0.2860376536846161,0.3882048726081848,gyroscope,Walking,Gyroscope_1.csv
1761307737288113400,2.851113525390625,-0.9847147464752196,0.2394591718912124,0.3408628106117248,gyroscope,Walking,Gyroscope_1.csv
1761307737304932900,2.867932861328125,-0.8077165484428406,0.1612684279680252,0.3084869384765625,gyroscope,Walking,Gyroscope_1.csv
1761307737321764000,2.88476416015625,-0.6079636216163635,0.0771217346191406,0.2741257846355438,gyroscope,Walking,Gyroscope_1.csv
1761307737338589000,2.9015888671875,-0.3993531465530395,-0.0120645882561802,0.2528982162475586,gyroscope,Walking,Gyroscope_1.csv
1761307737355412500,2.91841259765625,-0.1803579628467559,-0.1087340116500854,0.2481640130281448,gyroscope,Walking,Gyroscope_1.csv
1761307737372229400,2.9352294921875,0.0561996027827262,-0.2183843255043029,0.230907067656517,gyroscope,Walking,Gyroscope_1.csv
1761307737389057500,2.9520576171875,0.2915354371070862,-0.3489567637443542,0.1953241676092147,gyroscope,Walking,Gyroscope_1.csv
1761307737405848000,2.96884814453125,0.4920519590377807,-0.46547931432724,0.1360702365636825,gyroscope,Walking,Gyroscope_1.csv
1761307737422693400,2.985693359375,0.6656904220581055,-0.4885394871234894,0.0186313893646001,gyroscope,Walking,Gyroscope_1.csv
1761307737439509800,3.002509765625,0.8208501935005188,-0.4092797040939331,-0.1716531366109848,gyroscope,Walking,Gyroscope_1.csv
1761307737456340500,3.019340576171875,0.9676105380058287,-0.2984076738357544,-0.3909537494182586,gyroscope,Walking,Gyroscope_1.csv
1761307737473161500,3.036161376953125,1.1198687553405762,-0.2167044430971145,-0.6165157556533813,gyroscope,Walking,Gyroscope_1.csv
1761307737489982700,3.052982666015625,1.276250243186951,-0.1860084682703018,-0.7915286421775818,gyroscope,Walking,Gyroscope_1.csv
1761307737506788000,3.0697880859375,1.4253013134002686,-0.2557998299598694,-0.8772025108337402,gyroscope,Walking,Gyroscope_1.csv
1761307737523612400,3.0866123046875,1.5578590631484983,-0.3724750876426697,-0.9285151958465576,gyroscope,Walking,Gyroscope_1.csv
1761307737540434200,3.10343408203125,1.6803375482559204,-0.447000652551651,-1.023046612739563,gyroscope,Walking,Gyroscope_1.csv
1761307737557255200,3.120255126953125,1.7886134386062622,-0.4247040748596191,-1.095739483833313,gyroscope,Walking,Gyroscope_1.csv
1761307737574077400,3.137077392578125,1.8570303916931152,-0.2956587672233581,-1.1094839572906494,gyroscope,Walking,Gyroscope_1.csv
1761307737590898700,3.153898681640625,1.8333593606948853,-0.1597412675619125,-1.06351637840271,gyroscope,Walking,Gyroscope_1.csv
1761307737607721200,3.17072119140625,1.7174476385116575,-0.133474051952362,-0.9787588119506836,gyroscope,Walking,Gyroscope_1.csv
1761307737624558300,3.187558349609375,1.5496124029159546,-0.1766927689313888,-0.8875871896743774,gyroscope,Walking,Gyroscope_1.csv
1761307737641369600,3.20436962890625,1.3700180053710938,-0.2124283909797668,-0.8093964457511902,gyroscope,Walking,Gyroscope_1.csv
1761307737658204000,3.221203857421875,1.239292860031128,-0.2257147133350372,-0.7816020846366882,gyroscope,Walking,Gyroscope_1.csv
1761307737675020300,3.238020263671875,1.1716395616531372,-0.197920337319374,-0.7852672934532166,gyroscope,Walking,Gyroscope_1.csv
1761307737691814700,3.254814697265625,1.130711555480957,-0.1229366287589073,-0.7962628602981567,gyroscope,Walking,Gyroscope_1.csv
1761307737708652800,3.27165283203125,1.0512990951538086,-0.0490219369530677,-0.8035932183265686,gyroscope,Walking,Gyroscope_1.csv
1761307737725471200,3.28847119140625,0.9256135821342468,0.0476474873721599,-0.8083274364471436,gyroscope,Walking,Gyroscope_1.csv
1761307737742289700,3.30528955078125,0.8097018599510193,0.1611157059669494,-0.8200865983963013,gyroscope,Walking,Gyroscope_1.csv
1761307737759101700,3.322101806640625,0.7449501752853394,0.2733621895313263,-0.8144360780715942,gyroscope,Walking,Gyroscope_1.csv
1761307737775921400,3.33892138671875,0.7127270102500916,0.3607159256935119,-0.7826710939407349,gyroscope,Walking,Gyroscope_1.csv
1761307737792757000,3.355757080078125,0.6910412907600403,0.3975205719470978,-0.7568620443344116,gyroscope,Walking,Gyroscope_1.csv
1761307737809582800,3.372582763671875,0.6600399017333984,0.3781255781650543,-0.7542658448219299,gyroscope,Walking,Gyroscope_1.csv
1761307737826413800,3.389413818359375,0.6056728959083557,0.3437644243240356,-0.73685622215271,gyroscope,Walking,Gyroscope_1.csv
1761307737843236600,3.406236572265625,0.5393940210342407,0.3109304010868072,-0.707534670829773,gyroscope,Walking,Gyroscope_1.csv
1761307737860054000,3.423053955078125,0.4801400899887085,0.275805652141571,-0.6682865619659424,gyroscope,Walking,Gyroscope_1.csv
1761307737876881000,3.439880859375,0.4323398768901825,0.2417499274015426,-0.6287330389022827,gyroscope,Walking,Gyroscope_1.csv
1761307737893700400,3.456700439453125,0.3929390609264374,0.204945296049118,-0.5878050923347473,gyroscope,Walking,Gyroscope_1.csv
1761307737910522400,3.4735224609375,0.3631593883037567,0.1592831164598465,-0.5468770861625671,gyroscope,Walking,Gyroscope_1.csv
1761307737927327200,3.4903271484375,0.3484986126422882,0.1354593634605407,-0.503047525882721,gyroscope,Walking,Gyroscope_1.csv
1761307737944129800,3.5071298828125,0.3324634134769439,0.1305724531412124,-0.4596760869026184,gyroscope,Walking,Gyroscope_1.csv
1761307737960991000,3.523990966796875,0.2955060601234436,0.1589776873588562,-0.4195117056369781,gyroscope,Walking,Gyroscope_1.csv
1761307737977806600,3.540806640625,0.2600758671760559,0.1783726513385772,-0.3810271918773651,gyroscope,Walking,Gyroscope_1.csv
1761307737994615000,3.557614990234375,0.2449569702148437,0.1693623960018158,-0.3182607889175415,gyroscope,Walking,Gyroscope_1.csv
1761307738011440600,3.574440673828125,0.2495384514331817,0.1243110746145248,-0.2057088762521743,gyroscope,Walking,Gyroscope_1.csv
1761307738028259300,3.59125927734375,0.303600013256073,0.0510072484612464,-0.0795651972293853,gyroscope,Walking,Gyroscope_1.csv
1761307738045081300,3.608081298828125,0.4169155359268188,-0.1004873365163803,0.0700967833399772,gyroscope,Walking,Gyroscope_1.csv
1761307738061903000,3.624903076171875,0.5407684445381165,-0.2629774808883667,0.2486221492290496,gyroscope,Walking,Gyroscope_1.csv
1761307738078724400,3.641724365234375,0.6131559610366821,-0.3892738819122314,0.4170682430267334,gyroscope,Walking,Gyroscope_1.csv
1761307738095556400,3.658556396484375,0.6020076870918274,-0.4886921942234039,0.5256495475769043,gyroscope,Walking,Gyroscope_1.csv
1761307738112371500,3.675371337890625,0.4969388842582702,-0.58062744140625,0.5615378618240356,gyroscope,Walking,Gyroscope_1.csv
1761307738129202700,3.69220263671875,0.3315471112728119,-0.6143777370452881,0.5115996599197388,gyroscope,Walking,Gyroscope_1.csv
1761307738146020400,3.709020263671875,0.1452332139015197,-0.5320636034011841,0.3846924006938934,gyroscope,Walking,Gyroscope_1.csv
1761307738162849800,3.725849853515625,-0.0514653958380222,-0.3445279896259308,0.23273965716362,gyroscope,Walking,Gyroscope_1.csv
1761307738179664400,3.742664306640625,-0.2280054539442062,-0.1204931661486625,0.0842994004487991,gyroscope,Walking,Gyroscope_1.csv
1761307738196472300,3.759472412109375,-0.3506366610527038,0.0207694191485643,0.0198531206697225,gyroscope,Walking,Gyroscope_1.csv
1761307738213303000,3.776302978515625,-0.4327980279922485,0.0627664029598236,0.0977384373545646,gyroscope,Walking,Gyroscope_1.csv
1761307738230107100,3.793107177734375,-0.4903720617294311,0.0419969856739044,0.3219259977340698,gyroscope,Walking,Gyroscope_1.csv
1761307738246942700,3.809942626953125,-0.5558874011039734,0.0149661982432007,0.6377432942390442,gyroscope,Walking,Gyroscope_1.csv
1761307738263759400,3.82675927734375,-0.6435465216636658,-0.0308486949652433,0.9257662892341614,gyroscope,Walking,Gyroscope_1.csv
1761307738280571600,3.843571533203125,-0.7405213713645935,-0.1299615800380706,1.1296426057815552,gyroscope,Walking,Gyroscope_1.csv
1761307738297413000,3.8604130859375,-0.8057312369346619,-0.2880229651927948,1.3135130405426023,gyroscope,Walking,Gyroscope_1.csv
1761307738314240800,3.87724072265625,-0.7976372838020325,-0.5189300179481506,1.514487624168396,gyroscope,Walking,Gyroscope_1.csv
1761307738331041500,3.89404150390625,-0.7237225770950317,-0.7826710939407349,1.7301230430603027,gyroscope,Walking,Gyroscope_1.csv
1761307738347876400,3.91087646484375,-0.6687447428703308,-1.0141890048980713,1.9026925563812256,gyroscope,Walking,Gyroscope_1.csv
1761307738364711400,3.92771142578125,-0.7188356518745422,-1.1215485334396362,1.998903751373291,gyroscope,Walking,Gyroscope_1.csv
1761307738381510000,3.944510009765625,-0.8770498037338257,-1.0864238739013672,1.9740110635757449,gyroscope,Walking,Gyroscope_1.csv
1761307738398340000,3.961340087890625,-1.0713049173355105,-0.9308059215545654,1.7844901084899902,gyroscope,Walking,Gyroscope_1.csv
1761307738415177200,3.97817724609375,-1.2368494272232056,-0.6976081132888794,1.4828753471374512,gyroscope,Walking,Gyroscope_1.csv
1761307738431991300,3.9949912109375,-1.3578007221221924,-0.4202753007411957,1.182176947593689,gyroscope,Walking,Gyroscope_1.csv
1761307738448796400,4.01179638671875,-1.450652241706848,-0.181274265050888,0.9668469429016112,gyroscope,Walking,Gyroscope_1.csv
1761307738465636400,4.02863623046875,-1.4969252347946167,-0.0325285755097866,0.8491026759147644,gyroscope,Walking,Gyroscope_1.csv
1761307738482440000,4.04543994140625,-1.4995214939117432,0.0244346093386411,0.8069530129432678,gyroscope,Walking,Gyroscope_1.csv
1761307738499263500,4.062263427734375,-1.47844660282135,0.0094684110954403,0.8245153427124023,gyroscope,Walking,Gyroscope_1.csv
1761307738516085800,4.079085693359375,-1.4480561017990112,-0.0207694191485643,0.8629998564720154,gyroscope,Walking,Gyroscope_1.csv
1761307738532907000,4.095906982421875,-1.3939944505691528,-0.0305432621389627,0.8715519905090332,gyroscope,Walking,Gyroscope_1.csv
1761307738549728300,4.112728271484375,-1.3078625202178955,-0.0319177098572254,0.8477282524108887,gyroscope,Walking,Gyroscope_1.csv
1761307738566549800,4.1295498046875,-1.1943942308425903,-0.0368046313524246,0.8005388975143433,gyroscope,Walking,Gyroscope_1.csv
1761307738583386600,4.14638671875,-1.050840973854065,-0.0441350154578685,0.7521278262138367,gyroscope,Walking,Gyroscope_1.csv
1761307738600207400,4.163207275390625,-0.8979719281196594,-0.0601702257990837,0.7206682562828064,gyroscope,Walking,Gyroscope_1.csv
1761307738617022200,4.180022216796875,-0.7582364678382874,-0.0862847194075584,0.7151705026626587,gyroscope,Walking,Gyroscope_1.csv
1761307738633856000,4.19685595703125,-0.6305656433105469,-0.1279762685298919,0.7072292566299438,gyroscope,Walking,Gyroscope_1.csv
1761307738650672400,4.21367236328125,-0.508087158203125,-0.1530217379331588,0.656680166721344,gyroscope,Walking,Gyroscope_1.csv
1761307738667493000,4.2304931640625,-0.3697261810302734,-0.1722639948129654,0.5603161454200745,gyroscope,Walking,Gyroscope_1.csv
1761307738684297500,4.24729736328125,-0.2101376503705978,-0.2043344229459762,0.4624249935150146,gyroscope,Walking,Gyroscope_1.csv
1761307738701122300,4.264122314453125,-0.0557414554059505,-0.2316706478595733,0.4024074673652649,gyroscope,Walking,Gyroscope_1.csv
1761307738717946400,4.2809462890625,0.0959058403968811,-0.235030397772789,0.3620903789997101,gyroscope,Walking,Gyroscope_1.csv
1761307738734764300,4.297764404296875,0.2440406680107116,-0.2629774808883667,0.2909245789051056,gyroscope,Walking,Gyroscope_1.csv
1761307738751578600,4.31457861328125,0.3929390609264374,-0.313373863697052,0.1895209401845932,gyroscope,Walking,Gyroscope_1.csv
1761307738768406000,4.331406005859375,0.5395467281341553,-0.313832014799118,0.0621555373072624,gyroscope,Walking,Gyroscope_1.csv
1761307738785234200,4.348234130859375,0.6743952035903931,-0.2391537427902221,-0.0920879393815994,gyroscope,Walking,Gyroscope_1.csv
1761307738802064600,4.365064697265625,0.7764097452163696,-0.1252273768186569,-0.2596177160739898,gyroscope,Walking,Gyroscope_1.csv
1761307738818889000,4.381888916015625,0.8625417351722717,-0.0174096599221229,-0.4059199690818786,gyroscope,Walking,Gyroscope_1.csv
1761307738835692500,4.398692626953125,0.944855809211731,0.0580321997404098,-0.5038111209869385,gyroscope,Walking,Gyroscope_1.csv
1761307738852530700,4.41553076171875,1.0329731702804563,0.0601702257990837,-0.5523748993873596,gyroscope,Walking,Gyroscope_1.csv
1761307738869335600,4.43233544921875,1.143081545829773,-0.0018325957935303,-0.5965099334716797,gyroscope,Walking,Gyroscope_1.csv
1761307738886194700,4.449194580078125,1.2814425230026243,-0.0676533281803131,-0.6771441102027893,gyroscope,Walking,Gyroscope_1.csv
1761307738903000800,4.466000732421875,1.4130840301513672,-0.0358883328735828,-0.7496843934059143,gyroscope,Walking,Gyroscope_1.csv
1761307738919811800,4.482811767578125,1.462716817855835,0.1140790879726409,-0.7409795522689819,gyroscope,Walking,Gyroscope_1.csv
1761307738936638700,4.499638671875,1.3588697910308838,0.2838996350765228,-0.6788240075111389,gyroscope,Walking,Gyroscope_1.csv
1761307738953460200,4.516460205078125,1.125366449356079,0.4022547602653503,-0.6440047025680542,gyroscope,Walking,Gyroscope_1.csv
1761307738970251300,4.533251220703125,0.8767443299293518,0.4772384762763977,-0.6710354685783386,gyroscope,Walking,Gyroscope_1.csv
1761307738987090200,4.550090087890625,0.6829473376274109,0.4764748811721802,-0.6950119137763977,gyroscope,Walking,Gyroscope_1.csv
1761307739003911200,4.5669111328125,0.564592182636261,0.3900374472141266,-0.6630942225456238,gyroscope,Walking,Gyroscope_1.csv
1761307739020732700,4.583732666015625,0.5412266254425049,0.2776382565498352,-0.5998696684837341,gyroscope,Walking,Gyroscope_1.csv
1761307739037554000,4.600553955078125,0.5997169613838196,0.167377084493637,-0.5436700582504272,gyroscope,Walking,Gyroscope_1.csv
1761307739054376200,4.617376220703125,0.6786713004112244,0.0685696229338646,-0.499840497970581,gyroscope,Walking,Gyroscope_1.csv
1761307739071213600,4.634213623046875,0.7417431473731995,-0.0003054326225537,-0.4734205603599548,gyroscope,Walking,Gyroscope_1.csv
1761307739088033800,4.65103369140625,0.7654141783714294,0.0262672062963247,-0.4763221740722656,gyroscope,Walking,Gyroscope_1.csv
1761307739104854000,4.66785400390625,0.7538077235221863,0.1545489132404327,-0.5117523670196533,gyroscope,Walking,Gyroscope_1.csv
1761307739121676500,4.684676513671875,0.7330383062362671,0.3205515444278717,-0.5593998432159424,gyroscope,Walking,Gyroscope_1.csv
1761307739138493200,4.7014931640625,0.7310529947280884,0.4101960062980652,-0.5879577994346619,gyroscope,Walking,Gyroscope_1.csv
1761307739155293400,4.71829345703125,0.7484626173973083,0.3782783150672912,-0.5583308339118958,gyroscope,Walking,Gyroscope_1.csv
1761307739172103000,4.73510302734375,0.7571674585342407,0.2541199326515198,-0.4402811229228973,gyroscope,Walking,Gyroscope_1.csv
1761307739188951800,4.751951904296875,0.7425066828727722,0.1058324053883552,-0.2686280012130737,gyroscope,Walking,Gyroscope_1.csv
1761307739205770000,4.76877001953125,0.7153232097625732,-0.0106901414692401,-0.1104138940572738,gyroscope,Walking,Gyroscope_1.csv
1761307739222591500,4.785591552734375,0.6808093190193176,-0.0468839071691036,-0.0009162978967651,gyroscope,Walking,Gyroscope_1.csv
1761307739239413000,4.8024130859375,0.6392704844474792,-0.0280998013913631,0.0325285755097866,gyroscope,Walking,Gyroscope_1.csv
1761307739256228900,4.819228759765625,0.5940664410591125,0.0131336031481623,0.0099265603348612,gyroscope,Walking,Gyroscope_1.csv
1761307739273070600,4.836070556640625,0.5648976564407349,0.0456621758639812,-0.0204639863222837,gyroscope,Walking,Gyroscope_1.csv
1761307739289895400,4.8528955078125,0.5546656250953674,0.0293215326964855,-0.0209221355617046,gyroscope,Walking,Gyroscope_1.csv
1761307739306696700,4.86969677734375,0.5503895878791809,-0.007177666760981,0.016951510682702,gyroscope,Walking,Gyroscope_1.csv
1761307739323531500,4.886531494140625,0.5288565754890442,-0.0494800843298435,0.0784961804747581,gyroscope,Walking,Gyroscope_1.csv
1761307739340342300,4.90334228515625,0.498924195766449,-0.0920879393815994,0.1240056455135345,gyroscope,Walking,Gyroscope_1.csv
1761307739357160200,4.92016015625,0.4792237877845764,-0.1504255682229995,0.1175915598869323,gyroscope,Walking,Gyroscope_1.csv
1761307739374001000,4.9370009765625,0.4714352488517761,-0.2324342280626297,0.0875064432621002,gyroscope,Walking,Gyroscope_1.csv
1761307739390820000,4.953820068359375,0.4601342380046844,-0.3500257730484009,0.0844521224498748,gyroscope,Walking,Gyroscope_1.csv
1761307739407626500,4.97062646484375,0.4610505402088165,-0.4688390791416168,0.0952949747443199,gyroscope,Walking,Gyroscope_1.csv
1761307739424468000,4.987468017578125,0.4772384762763977,-0.531147301197052,0.1038470938801765,gyroscope,Walking,Gyroscope_1.csv
1761307739441282600,5.004282470703125,0.4728097021579742,-0.5342016816139221,0.113315500319004,gyroscope,Walking,Gyroscope_1.csv
1761307739458090800,5.0210908203125,0.4262312352657318,-0.4973970353603363,0.1098030284047126,gyroscope,Walking,Gyroscope_1.csv
1761307739474915300,5.037915283203125,0.3324634134769439,-0.4447098970413208,0.0827722400426864,gyroscope,Walking,Gyroscope_1.csv
1761307739491740700,5.05474072265625,0.223423957824707,-0.3604104816913605,0.0241291765123605,gyroscope,Walking,Gyroscope_1.csv
1761307739508554800,5.0715546875,0.1470658034086227,-0.2916881442070007,-0.032223142683506,gyroscope,Walking,Gyroscope_1.csv
1761307739525380400,5.08838037109375,0.1084285825490951,-0.2380847334861755,-0.034972034394741,gyroscope,Walking,Gyroscope_1.csv
1761307739542201600,5.10520166015625,0.1140790879726409,-0.2241875380277633,0.0459676086902618,gyroscope,Walking,Gyroscope_1.csv
1761307739559068700,5.122068603515625,0.1479821056127548,-0.2582432925701141,0.235488548874855,gyroscope,Walking,Gyroscope_1.csv
1761307739575854300,5.138854248046875,0.1766927689313888,-0.3098613917827606,0.5297728776931763,gyroscope,Walking,Gyroscope_1.csv
1761307739592684300,5.155684326171875,0.1614211350679397,-0.3798054754734039,0.8761335015296936,gyroscope,Walking,Gyroscope_1.csv
1761307739609501700,5.172501708984375,0.0626136884093284,-0.490066647529602,1.2223412990570068,gyroscope,Walking,Gyroscope_1.csv
1761307739626317600,5.189317626953125,-0.0789543315768241,-0.7058547735214233,1.517236590385437,gyroscope,Walking,Gyroscope_1.csv
1761307739643144700,5.206144775390625,-0.195171445608139,-0.9610437750816344,1.726457953453064,gyroscope,Walking,Gyroscope_1.csv
1761307739659963600,5.222963623046875,-0.2729040384292602,-1.1953105926513672,1.829999566078186,gyroscope,Walking,Gyroscope_1.csv
1761307739676760300,5.23976025390625,-0.3572034537792206,-1.3362677097320557,1.8335120677948,gyroscope,Walking,Gyroscope_1.csv
1761307739693598000,5.256597900390625,-0.5154175758361816,-1.363603949546814,1.774410843849182,gyroscope,Walking,Gyroscope_1.csv
1761307739710415000,5.2734150390625,-0.7489207983016968,-1.2716686725616455,1.6702582836151123,gyroscope,Walking,Gyroscope_1.csv
1761307739727239400,5.290239501953125,-1.0169379711151123,-1.0867292881011963,1.511891484260559,gyroscope,Walking,Gyroscope_1.csv
1761307739744046300,5.30704638671875,-1.2764029502868652,-0.8494081497192383,1.320690631866455,gyroscope,Walking,Gyroscope_1.csv
1761307739760872700,5.323872802734375,-1.5048664808273315,-0.5988006591796875,1.147204875946045,gyroscope,Walking,Gyroscope_1.csv
1761307739777737200,5.3407373046875,-1.6934711933135986,-0.3741549551486969,1.024726390838623,gyroscope,Walking,Gyroscope_1.csv
1761307739794540000,5.3575400390625,-1.8364136219024656,-0.1701259762048721,0.9363036751747132,gyroscope,Walking,Gyroscope_1.csv
1761307739811344000,5.37434375,-1.9315558671951292,-0.0117591563612222,0.8701775670051575,gyroscope,Walking,Gyroscope_1.csv
1761307739828198000,5.391197998046875,-1.9750800132751465,0.0940732508897781,0.8362745046615601,gyroscope,Walking,Gyroscope_1.csv
1761307739845004000,5.408004150390625,-1.9811886548995967,0.1440114825963974,0.8393288254737854,gyroscope,Walking,Gyroscope_1.csv
1761307739861821700,5.42482177734375,-1.9526307582855225,0.1554652005434036,0.8509352803230286,gyroscope,Walking,Gyroscope_1.csv
1761307739878651000,5.44165087890625,-1.8800904750823972,0.1322523206472396,0.8571966290473938,gyroscope,Walking,Gyroscope_1.csv
1761307739895452200,5.4584521484375,-1.772578239440918,0.1238529309630394,0.8562803864479065,gyroscope,Walking,Gyroscope_1.csv
1761307739912290300,5.475290283203125,-1.6375770568847656,0.1608102768659591,0.8126034736633301,gyroscope,Walking,Gyroscope_1.csv
1761307739929112600,5.492112548828125,-1.482569932937622,0.2131919711828231,0.7472409009933472,gyroscope,Walking,Gyroscope_1.csv
1761307739945906000,5.508906005859375,-1.349706768989563,0.2587014436721802,0.6719517707824707,gyroscope,Walking,Gyroscope_1.csv
1761307739962741200,5.5257412109375,-1.2450960874557495,0.2709187269210815,0.5849034786224365,gyroscope,Walking,Gyroscope_1.csv
1761307739979562800,5.542562744140625,-1.141707181930542,0.2626720666885376,0.5206099152565002,gyroscope,Walking,Gyroscope_1.csv
1761307739996384800,5.559384765625,-1.0225883722305298,0.257326990365982,0.4746423065662384,gyroscope,Walking,Gyroscope_1.csv
1761307740013206000,5.5762060546875,-0.8862127661705017,0.2689334154129028,0.4050036668777466,gyroscope,Walking,Gyroscope_1.csv
1761307740030027300,5.59302734375,-0.7461718916893005,0.2826778888702392,0.3213151097297668,gyroscope,Walking,Gyroscope_1.csv
1761307740046867000,5.609866943359375,-0.5971207618713379,0.2626720666885376,0.2420553565025329,gyroscope,Walking,Gyroscope_1.csv
1761307740063684900,5.626684814453125,-0.4280638098716736,0.1791362315416336,0.1802052408456802,gyroscope,Walking,Gyroscope_1.csv
1761307740080501800,5.643501708984375,-0.2519819140434265,0.0514653958380222,0.1357648074626922,gyroscope,Walking,Gyroscope_1.csv
1761307740097341400,5.660341552734375,-0.0917825028300285,-0.0456621758639812,0.0722348168492317,gyroscope,Walking,Gyroscope_1.csv
1761307740114150400,5.677150390625,0.0696386396884918,-0.070249505341053,-0.024892758578062,gyroscope,Walking,Gyroscope_1.csv
1761307740130971400,5.693971435546875,0.2379320114850998,-0.0310014113783836,-0.1270599663257599,gyroscope,Walking,Gyroscope_1.csv
1761307740147788800,5.710788818359375,0.3854559659957886,0.0103847095742821,-0.2148718535900116,gyroscope,Walking,Gyroscope_1.csv
1761307740164580400,5.727580322265625,0.5241223573684692,-0.0079412478953599,-0.2985603809356689,gyroscope,Walking,Gyroscope_1.csv
1761307740181422000,5.744422119140625,0.6795876026153564,-0.0455094613134861,-0.3643811047077179,gyroscope,Walking,Gyroscope_1.csv
1761307740198243800,5.761243896484375,0.8361217975616455,-0.1243110746145248,-0.4036292135715484,gyroscope,Walking,Gyroscope_1.csv
1761307740215065000,5.778065185546875,0.9749409556388856,-0.2379320114850998,-0.4369213581085205,gyroscope,Walking,Gyroscope_1.csv
1761307740231885800,5.7948857421875,1.1110111474990845,-0.3286454975605011,-0.5383250117301941,gyroscope,Walking,Gyroscope_1.csv
1761307740248708000,5.8117080078125,1.269836187362671,-0.3006984293460846,-0.6956228017807007,gyroscope,Walking,Gyroscope_1.csv
1761307740265547500,5.828547607421875,1.4176654815673828,-0.152563601732254,-0.8147414922714233,gyroscope,Walking,Gyroscope_1.csv
1761307740282365200,5.845365234375,1.4546228647232056,0.0047342055477201,-0.8127561807632446,gyroscope,Walking,Gyroscope_1.csv
1761307740299188700,5.862188720703125,1.3208433389663696,0.0919352173805236,-0.7531968355178833,gyroscope,Walking,Gyroscope_1.csv
1761307740316008700,5.8790087890625,1.0891727209091189,0.0956004112958908,-0.6858489513397217,gyroscope,Walking,Gyroscope_1.csv
1761307740332813600,5.8958134765625,0.8846855759620667,0.0951422601938247,-0.6455318331718445,gyroscope,Walking,Gyroscope_1.csv
1761307740349651700,5.912651611328125,0.8020660877227783,0.1200350224971771,-0.6389650702476501,gyroscope,Walking,Gyroscope_1.csv
1761307740366473500,5.929473388671875,0.8176431059837341,0.157603234052658,-0.641255795955658,gyroscope,Walking,Gyroscope_1.csv
1761307740383294200,5.946294189453125,0.8735373020172119,0.2029599845409393,-0.6655376553535461,gyroscope,Walking,Gyroscope_1.csv
1761307740400116700,5.96311669921875,0.925918996334076,0.2373211532831192,-0.7060074806213379,gyroscope,Walking,Gyroscope_1.csv
1761307740416938000,5.97993798828125,0.977384388446808,0.2515237629413605,-0.7464773058891296,gyroscope,Walking,Gyroscope_1.csv
1761307740433742600,5.99674267578125,1.0432051420211792,0.2506074607372284,-0.7797694802284241,gyroscope,Walking,Gyroscope_1.csv
1761307740450567000,6.01356689453125,1.0946705341339111,0.299018532037735,-0.8281805515289307,gyroscope,Walking,Gyroscope_1.csv
1761307740467389400,6.030389404296875,1.1220067739486694,0.3866777122020721,-0.902247965335846,gyroscope,Walking,Gyroscope_1.csv
1761307740484212200,6.047212158203125,1.1099421977996826,0.4627304375171661,-0.9683741331100464,gyroscope,Walking,Gyroscope_1.csv
1761307740501032200,6.0640322265625,1.073290228843689,0.4773911833763122,-0.9960157871246338,gyroscope,Walking,Gyroscope_1.csv
1761307740517838800,6.0808388671875,1.0245736837387085,0.4112650156021118,-0.9615018963813782,gyroscope,Walking,Gyroscope_1.csv
1761307740534706700,6.097706787109375,0.9669997096061708,0.2774855494499206,-0.8727737069129944,gyroscope,Walking,Gyroscope_1.csv
1761307740551512000,6.114511962890625,0.8846855759620667,0.1319468915462494,-0.7692320346832275,gyroscope,Walking,Gyroscope_1.csv
1761307740568326700,6.13132666015625,0.7750352621078491,0.0334448739886283,-0.6957755088806152,gyroscope,Walking,Gyroscope_1.csv
1761307740585151700,6.14815185546875,0.6727153658866882,0.0038179077673703,-0.6575964093208313,gyroscope,Walking,Gyroscope_1.csv
1761307740601980200,6.164980224609375,0.6171266436576843,0.0568104684352874,-0.6684392690658569,gyroscope,Walking,Gyroscope_1.csv
1761307740618812000,6.18181201171875,0.6056728959083557,0.1698205322027206,-0.7029531598091125,gyroscope,Walking,Gyroscope_1.csv
1761307740635618800,6.198618896484375,0.599564254283905,0.2597704529762268,-0.7098253965377808,gyroscope,Walking,Gyroscope_1.csv
1761307740652422700,6.215422607421875,0.5902485251426697,0.2684752643108368,-0.6481280326843262,gyroscope,Walking,Gyroscope_1.csv
1761307740669248300,6.232248291015625,0.5728389024734497,0.2342668175697326,-0.5067127346992493,gyroscope,Walking,Gyroscope_1.csv
1761307740686069800,6.24906982421875,0.5531384944915771,0.2000583708286285,-0.3411682248115539,gyroscope,Walking,Gyroscope_1.csv
1761307740702891300,6.265891357421875,0.5262604355812073,0.1986839175224304,-0.2290744632482528,gyroscope,Walking,Gyroscope_1.csv
1761307740719712500,6.28271240234375,0.5196936130523682,0.2041817009449005,-0.1904372423887252,gyroscope,Walking,Gyroscope_1.csv
1761307740736532000,6.299531982421875,0.5229006409645081,0.1731802970170974,-0.1663080602884292,gyroscope,Walking,Gyroscope_1.csv
1761307740753376800,6.316376708984375,0.5267185568809509,0.1209513172507286,-0.1069014146924018,gyroscope,Walking,Gyroscope_1.csv
1761307740770190800,6.33319091796875,0.5326744914054871,0.052381694316864,-0.0291688162833452,gyroscope,Walking,Gyroscope_1.csv
1761307740787013000,6.35001318359375,0.5338962078094482,-0.030695978552103,0.0549778714776039,gyroscope,Walking,Gyroscope_1.csv
1761307740803830800,6.366830810546875,0.5163338780403137,-0.0841466858983039,0.1400408595800399,gyroscope,Walking,Gyroscope_1.csv
1761307740820660500,6.383660400390625,0.4224133193492889,-0.0476474873721599,0.2028072625398636,gyroscope,Walking,Gyroscope_1.csv
1761307740837477600,6.4004775390625,0.266031801700592,0.0093156946823,0.1913535445928573,gyroscope,Walking,Gyroscope_1.csv
1761307740854299000,6.417298828125,0.1356120854616165,0.1125519201159477,0.1476766765117645,gyroscope,Walking,Gyroscope_1.csv
1761307740871117000,6.434116943359375,0.0325285755097866,0.1776090711355209,0.1400408595800399,gyroscope,Walking,Gyroscope_1.csv
1761307740887946500,6.450946533203125,-0.0395535230636596,0.159435823559761,0.1921171247959137,gyroscope,Walking,Gyroscope_1.csv
1761307740904764000,6.467763916015625,-0.0636827051639556,0.0589484944939613,0.323147714138031,gyroscope,Walking,Gyroscope_1.csv
1761307740921566000,6.48456591796875,-0.0647517144680023,-0.1094975918531417,0.5490151643753052,gyroscope,Walking,Gyroscope_1.csv
1761307740938393600,6.5013935546875,-0.0659734457731247,-0.2890919744968414,0.8411614298820496,gyroscope,Walking,Gyroscope_1.csv
1761307740955217400,6.518217529296875,-0.1188132911920547,-0.4688390791416168,1.1342240571975708,gyroscope,Walking,Gyroscope_1.csv
1761307740972021500,6.535021484375,-0.2755002379417419,-0.6177374720573425,1.3437508344650269,gyroscope,Walking,Gyroscope_1.csv
1761307740988844800,6.5518447265625,-0.4799873530864715,-0.71318519115448,1.4182764291763306,gyroscope,Walking,Gyroscope_1.csv
1761307741005678300,6.56867822265625,-0.70692378282547,-0.7623597979545593,1.3545936346054075,gyroscope,Walking,Gyroscope_1.csv
1761307741022523100,6.585523193359375,-0.946382999420166,-0.7767151594161987,1.2150110006332395,gyroscope,Walking,Gyroscope_1.csv
1761307741039336400,6.60233642578125,-1.1896600723266602,-0.7307475209236145,1.056796908378601,gyroscope,Walking,Gyroscope_1.csv
1761307741056156200,6.61915625,-1.4025466442108154,-0.5919284224510193,0.8962920308113098,gyroscope,Walking,Gyroscope_1.csv
1761307741072977700,6.635977783203125,-1.5722143650054932,-0.3503312170505523,0.7360926270484924,gyroscope,Walking,Gyroscope_1.csv
1761307741089806000,6.65280615234375,-1.702481389045715,-0.0820086598396301,0.6010913848876953,gyroscope,Walking,Gyroscope_1.csv
1761307741106622700,6.669622802734375,-1.8139643669128416,0.1597412675619125,0.4918992519378662,gyroscope,Walking,Gyroscope_1.csv
1761307741123428000,6.686427978515625,-1.908037543296814,0.3388774991035461,0.4118759036064148,gyroscope,Walking,Gyroscope_1.csv
1761307741140249300,6.703249267578125,-1.962557315826416,0.4831944108009338,0.3207042515277862,gyroscope,Walking,Gyroscope_1.csv
1761307741157074000,6.720073974609375,-1.9724838733673096,0.5627595782279968,0.2542726695537567,gyroscope,Walking,Gyroscope_1.csv
1761307741173895700,6.736895751953125,-1.937359094619751,0.5879577994346619,0.2583959996700287,gyroscope,Walking,Gyroscope_1.csv
1761307741190717000,6.753717041015625,-1.85244882106781,0.5849034786224365,0.3294090926647186,gyroscope,Walking,Gyroscope_1.csv
1761307741207539000,6.7705390625,-1.7519614696502686,0.6348416805267334,0.4121813178062439,gyroscope,Walking,Gyroscope_1.csv
1761307741224356000,6.787356201171875,-1.615127682685852,0.675006091594696,0.4453207552433014,gyroscope,Walking,Gyroscope_1.csv
1761307741241168600,6.804168701171875,-1.463022232055664,0.6760751008987427,0.4366159439086914,gyroscope,Walking,Gyroscope_1.csv
1761307741258017300,6.821017333984375,-1.2957979440689087,0.5809328556060791,0.4120286107063293,gyroscope,Walking,Gyroscope_1.csv
1761307741274839000,6.837839111328125,-1.1302534341812134,0.4755585789680481,0.3764457106590271,gyroscope,Walking,Gyroscope_1.csv
1761307741291657500,6.854657470703125,-0.9621127843856812,0.3675881624221802,0.3385720551013946,gyroscope,Walking,Gyroscope_1.csv
1761307741308486000,6.87148583984375,-0.7999280095100403,0.3066543638706207,0.2952006161212921,gyroscope,Walking,Gyroscope_1.csv
1761307741325303300,6.88830322265625,-0.6575964093208313,0.275958389043808,0.2591595947742462,gyroscope,Walking,Gyroscope_1.csv
1761307741342126000,6.9051259765625,-0.5140430927276611,0.2463314086198806,0.2547308206558227,gyroscope,Walking,Gyroscope_1.csv
1761307741358932700,6.9219326171875,-0.3805690407752991,0.221591368317604,0.2632829248905182,gyroscope,Walking,Gyroscope_1.csv
1761307741375764200,6.93876416015625,-0.2747366428375244,0.1992947906255722,0.2874121069908142,gyroscope,Walking,Gyroscope_1.csv
1761307741392595000,6.955594970703125,-0.1603521257638931,0.1456913650035858,0.2814561724662781,gyroscope,Walking,Gyroscope_1.csv
1761307741409395700,6.972395751953125,-0.0108428578823804,0.0093156946823,0.2451096773147583,gyroscope,Walking,Gyroscope_1.csv
1761307741426218800,6.98921875,0.1279762685298919,-0.20906862616539,0.2116648107767105,gyroscope,Walking,Gyroscope_1.csv
1761307741443041000,7.006041015625,0.242513507604599,-0.4143193662166595,0.16920967400074,gyroscope,Walking,Gyroscope_1.csv
1761307741459858700,7.022858642578125,0.3459024429321289,-0.4969388842582702,0.0679587572813034,gyroscope,Walking,Gyroscope_1.csv
1761307741476688400,7.0396884765625,0.4239404797554016,-0.5215262174606323,-0.0945313945412635,gyroscope,Walking,Gyroscope_1.csv
1761307741493493200,7.0564931640625,0.5044219493865967,-0.4841107130050659,-0.305127203464508,gyroscope,Walking,Gyroscope_1.csv
1761307741510344400,7.073344482421875,0.6059783101081848,-0.3701843321323395,-0.5372560024261475,gyroscope,Walking,Gyroscope_1.csv
1761307741527159000,7.090158935546875,0.712574303150177,-0.2735149264335632,-0.7461718916893005,gyroscope,Walking,Gyroscope_1.csv
1761307741544009500,7.107009521484375,0.822682797908783,-0.2645046412944793,-0.908203899860382,gyroscope,Walking,Gyroscope_1.csv
1761307741560806100,7.12380615234375,0.9471465349197388,-0.3115412890911102,-1.0273226499557495,gyroscope,Walking,Gyroscope_1.csv
1761307741577627400,7.14062744140625,1.0810787677764893,-0.2974913716316223,-1.078635334968567,gyroscope,Walking,Gyroscope_1.csv
1761307741594452000,7.157451904296875,1.185231328010559,-0.1519527286291122,-1.0207557678222656,gyroscope,Walking,Gyroscope_1.csv
1761307741611268400,7.174268310546875,1.207680583000183,0.0390953756868839,-0.8764389157295227,gyroscope,Walking,Gyroscope_1.csv
1761307741628074800,7.19107470703125,1.1016954183578491,0.1540907621383667,-0.7363980412483215,gyroscope,Walking,Gyroscope_1.csv
1761307741644900000,7.207900146484375,0.930347740650177,0.143247902393341,-0.6377432942390442,gyroscope,Walking,Gyroscope_1.csv
1761307741661721600,7.2247216796875,0.7768678665161133,0.0574213340878486,-0.5450445413589478,gyroscope,Walking,Gyroscope_1.csv
1761307741678543600,7.241543701171875,0.664315938949585,0.0310014113783836,-0.4702135324478149,gyroscope,Walking,Gyroscope_1.csv
1761307741695365000,7.258365234375,0.588263213634491,0.0560468845069408,-0.4315762817859649,gyroscope,Walking,Gyroscope_1.csv
1761307741712186600,7.2751865234375,0.5148066878318787,0.1618792861700058,-0.4421137273311615,gyroscope,Walking,Gyroscope_1.csv
1761307741729011200,7.29201123046875,0.4534147381782532,0.2495384514331817,-0.4949535727500915,gyroscope,Walking,Gyroscope_1.csv
1761307741745827300,7.308827392578125,0.4250094890594482,0.3095559775829315,-0.5477933883666992,gyroscope,Walking,Gyroscope_1.csv
1761307741762679000,7.325678955078125,0.40943244099617,0.3289509415626526,-0.5919284224510193,gyroscope,Walking,Gyroscope_1.csv
1761307741779486700,7.34248681640625,0.39446622133255,0.3278819322586059,-0.6230825781822205,gyroscope,Walking,Gyroscope_1.csv
1761307741796318000,7.35931787109375,0.3892738819122314,0.3213151097297668,-0.6475171446800232,gyroscope,Walking,Gyroscope_1.csv
1761307741813130800,7.376130859375,0.3943135142326355,0.2938261926174164,-0.656680166721344,gyroscope,Walking,Gyroscope_1.csv
1761307741829934600,7.3929345703125,0.4016439020633697,0.2393064647912979,-0.626747727394104,gyroscope,Walking,Gyroscope_1.csv
1761307741846757000,7.409757080078125,0.4030183553695678,0.1466076523065567,-0.5629123449325562,gyroscope,Walking,Gyroscope_1.csv
1761307741863594200,7.42659423828125,0.4120286107063293,0.0255036242306232,-0.4815145432949066,gyroscope,Walking,Gyroscope_1.csv
1761307741880416500,7.44341650390625,0.4453207552433014,-0.0778853222727775,-0.4156937897205353,gyroscope,Walking,Gyroscope_1.csv
1761307741897216800,7.460216796875,0.5100724697113037,-0.1490511149168014,-0.3724750876426697,gyroscope,Walking,Gyroscope_1.csv
1761307741914049500,7.477049560546875,0.5824599862098694,-0.1994474977254867,-0.3443752825260162,gyroscope,Walking,Gyroscope_1.csv
1761307741930854700,7.493854736328125,0.6378960609436035,-0.2017382532358169,-0.3265074789524078,gyroscope,Walking,Gyroscope_1.csv
1761307741947689200,7.510689208984375,0.6724098920822144,-0.1615738570690155,-0.2973386645317077,gyroscope,Walking,Gyroscope_1.csv
1761307741964510500,7.527510498046875,0.6896668672561646,-0.1595885455608368,-0.261450320482254,gyroscope,Walking,Gyroscope_1.csv
1761307741981332000,7.54433203125,0.6873761415481567,-0.1913535445928573,-0.231365218758583,gyroscope,Walking,Gyroscope_1.csv
1761307741998151700,7.561151611328125,0.6849326491355896,-0.2186897546052932,-0.2115120887756347,gyroscope,Walking,Gyroscope_1.csv
1761307742014987000,7.577987060546875,0.6811147332191467,-0.2225076705217361,-0.1863138973712921,gyroscope,Walking,Gyroscope_1.csv
1761307742031817200,7.594817138671875,0.6734789609909058,-0.2426662147045135,-0.1400408595800399,gyroscope,Walking,Gyroscope_1.csv
1761307742048632000,7.611632080078125,0.6597344875335693,-0.2941316068172455,-0.0775798857212066,gyroscope,Walking,Gyroscope_1.csv
1761307742065438700,7.628438720703125,0.6467535495758057,-0.3822489380836487,-0.0064140851609408,gyroscope,Walking,Gyroscope_1.csv
1761307742082276000,7.645276123046875,0.6392704844474792,-0.4859432876110077,0.0641408488154411,gyroscope,Walking,Gyroscope_1.csv
1761307742099096800,7.662096923828125,0.6354525685310364,-0.5853615999221802,0.1519527286291122,gyroscope,Walking,Gyroscope_1.csv
1761307742115918300,7.67891845703125,0.6159048676490784,-0.6224716901779175,0.2344195395708084,gyroscope,Walking,Gyroscope_1.csv
1761307742132711200,7.695711181640625,0.5616905689239502,-0.5593998432159424,0.2675589919090271,gyroscope,Walking,Gyroscope_1.csv
1761307742149547500,7.712547607421875,0.4486805200576782,-0.3979786932468414,0.2079996168613433,gyroscope,Walking,Gyroscope_1.csv
1761307742166369500,7.72936962890625,0.3086396753787994,-0.1795943826436996,0.0922406539320945,gyroscope,Walking,Gyroscope_1.csv
1761307742183191300,7.74619140625,0.1783726513385772,0.0296269636601209,-0.0018325957935303,gyroscope,Walking,Gyroscope_1.csv
1761307742200012300,7.76301220703125,0.111024759709835,0.1794416606426239,-0.0296269636601209,gyroscope,Walking,Gyroscope_1.csv
1761307742216834800,7.779834716796875,0.1252273768186569,0.2414444833993911,0.0484110713005065,gyroscope,Walking,Gyroscope_1.csv
1761307742233673000,7.7966728515625,0.1777617931365966,0.2620611786842346,0.2797762751579284,gyroscope,Walking,Gyroscope_1.csv
1761307742250485000,7.813485107421875,0.2032654136419296,0.2606867551803589,0.6278167366981506,gyroscope,Walking,Gyroscope_1.csv
1761307742267302000,7.830302001953125,0.1689042448997497,0.178525373339653,0.9873109459877014,gyroscope,Walking,Gyroscope_1.csv
1761307742284130600,7.847130615234375,0.0647517144680023,0.011148290708661,1.3283264636993408,gyroscope,Walking,Gyroscope_1.csv
1761307742300960500,7.86396044921875,-0.04505131021142,-0.2200642079114914,1.6551393270492554,gyroscope,Walking,Gyroscope_1.csv
1761307742317790700,7.880790771484375,-0.155312493443489,-0.4495968222618103,1.915215253829956,gyroscope,Walking,Gyroscope_1.csv
1761307742334599000,7.897598876953125,-0.266184538602829,-0.6664539575576782,2.0624337196350098,gyroscope,Walking,Gyroscope_1.csv
1761307742351424300,7.91442431640625,-0.4004221558570862,-0.7611380815505981,2.10168194770813,gyroscope,Walking,Gyroscope_1.csv
1761307742368239400,7.9312392578125,-0.6012440919876099,-0.7425066828727722,2.049147367477417,gyroscope,Walking,Gyroscope_1.csv
1761307742385036300,7.948036376953125,-0.8494081497192383,-0.6183483600616455,1.9084957838058472,gyroscope,Walking,Gyroscope_1.csv
1761307742401871600,7.96487158203125,-1.0965031385421753,-0.3834706544876098,1.6856826543807983,gyroscope,Walking,Gyroscope_1.csv
1761307742418694100,7.981694091796875,-1.3086260557174685,-0.0681114718317985,1.4253013134002686,gyroscope,Walking,Gyroscope_1.csv
1761307742435515100,7.99851513671875,-1.493565559387207,0.2602286040782928,1.2030991315841677,gyroscope,Walking,Gyroscope_1.csv
1761307742452336600,8.015336669921876,-1.649488925933838,0.5145012736320496,1.0548115968704224,gyroscope,Walking,Gyroscope_1.csv
1761307742469158100,8.032158203125,-1.743256688117981,0.6646214127540588,0.9795224070549012,gyroscope,Walking,Gyroscope_1.csv
1761307742485997300,8.048997314453125,-1.7594445943832395,0.7241807579994202,0.9592111706733704,gyroscope,Walking,Gyroscope_1.csv
1761307742502808600,8.06580859375,-1.719585657119751,0.7218900322914124,0.9621127843856812,gyroscope,Walking,Gyroscope_1.csv
1761307742519641000,8.08264111328125,-1.6514742374420166,0.6962336897850037,0.9355401396751404,gyroscope,Walking,Gyroscope_1.csv
1761307742536458200,8.099458251953125,-1.5700763463974,0.6951646208763123,0.8706356883049011,gyroscope,Walking,Gyroscope_1.csv
1761307742553280500,8.116280517578126,-1.4575244188308716,0.7247915863990784,0.8158105611801147,gyroscope,Walking,Gyroscope_1.csv
1761307742570101800,8.133101806640624,-1.3341296911239624,0.7626652717590332,0.764345109462738,gyroscope,Walking,Gyroscope_1.csv
1761307742586923800,8.149923828125,-1.2067643404006958,0.7997753024101257,0.6905831694602966,gyroscope,Walking,Gyroscope_1.csv
1761307742603744500,8.16674462890625,-1.065501689910889,0.8049677014350891,0.5997169613838196,gyroscope,Walking,Gyroscope_1.csv
1761307742620549600,8.183549560546876,-0.9118691086769104,0.7519751191139221,0.5348125100135803,gyroscope,Walking,Gyroscope_1.csv
1761307742637374200,8.200374267578125,-0.7531968355178833,0.6458373069763184,0.523511528968811,gyroscope,Walking,Gyroscope_1.csv
1761307742654196200,8.2171962890625,-0.6186537742614746,0.5195409059524536,0.5439754724502563,gyroscope,Walking,Gyroscope_1.csv
1761307742671017200,8.234017333984376,-0.5048801302909851,0.4085161387920379,0.5248859524726868,gyroscope,Walking,Gyroscope_1.csv
1761307742687839700,8.25083984375,-0.3891211748123169,0.3352122902870178,0.4479169547557831,gyroscope,Walking,Gyroscope_1.csv
1761307742704660700,8.26766064453125,-0.2793181240558624,0.2657263875007629,0.3384193480014801,gyroscope,Walking,Gyroscope_1.csv
1761307742721483000,8.28448291015625,-0.1679879426956176,0.1931861340999603,0.2225076705217361,gyroscope,Walking,Gyroscope_1.csv
1761307742738300400,8.301300537109375,-0.0699440687894821,0.1081231459975242,0.1296561509370803,gyroscope,Walking,Gyroscope_1.csv
1761307742755111000,8.31811083984375,0.0268780700862407,0.0271835029125213,0.0258090570569038,gyroscope,Walking,Gyroscope_1.csv
1761307742771961300,8.33496142578125,0.1235474944114685,-0.0274889357388019,-0.1134682223200798,gyroscope,Walking,Gyroscope_1.csv
1761307742788782300,8.3517822265625,0.2098322063684463,-0.0296269636601209,-0.2796235680580139,gyroscope,Walking,Gyroscope_1.csv
1761307742805603300,8.368603271484375,0.2802344262599945,-0.0368046313524246,-0.4589125216007232,gyroscope,Walking,Gyroscope_1.csv
1761307742822413300,8.385413330078125,0.3735440969467163,-0.0448985956609249,-0.6389650702476501,gyroscope,Walking,Gyroscope_1.csv
1761307742839248600,8.40224853515625,0.5059491395950317,-0.0925460830330848,-0.7907650470733643,gyroscope,Walking,Gyroscope_1.csv
1761307742856064500,8.419064453125,0.6311765313148499,-0.252745509147644,-0.8526151776313782,gyroscope,Walking,Gyroscope_1.csv
1761307742872877600,8.435877685546876,0.7289149761199951,-0.4929682612419128,-0.8900306820869446,gyroscope,Walking,Gyroscope_1.csv
1761307742889693200,8.452693115234375,0.8289441466331482,-0.6973026990890503,-0.9488264322280884,gyroscope,Walking,Gyroscope_1.csv
1761307742906519600,8.46951953125,0.945466697216034,-0.7179193496704102,-0.9547823667526244,gyroscope,Walking,Gyroscope_1.csv
1761307742923341600,8.486341552734375,0.9897544384002686,-0.512210488319397,-0.8802568316459656,gyroscope,Walking,Gyroscope_1.csv
1761307742940163000,8.5031630859375,0.8917105197906494,-0.2403754740953445,-0.8029823899269104,gyroscope,Walking,Gyroscope_1.csv
1761307742956984800,8.51998486328125,0.6918048858642578,-0.0192422550171613,-0.7898487448692322,gyroscope,Walking,Gyroscope_1.csv
1761307742973809000,8.536808837890625,0.4961752891540527,0.0949895456433296,-0.8080220222473145,gyroscope,Walking,Gyroscope_1.csv
1761307742990641700,8.5536416015625,0.3588833212852478,0.1313360333442688,-0.8151996731758118,gyroscope,Walking,Gyroscope_1.csv
1761307743007463000,8.570462890625,0.2732094824314117,0.128892570734024,-0.8071057200431824,gyroscope,Walking,Gyroscope_1.csv
1761307743024285000,8.587284912109375,0.2348776906728744,0.1041525229811668,-0.797789990901947,gyroscope,Walking,Gyroscope_1.csv
1761307743041106700,8.604106689453126,0.2429716438055038,0.0693332031369209,-0.8028296232223511,gyroscope,Walking,Gyroscope_1.csv
1761307743057928400,8.620928466796874,0.2787072658538818,0.0351247526705265,-0.8037459254264832,gyroscope,Walking,Gyroscope_1.csv
1761307743074740700,8.63774072265625,0.3039054572582245,0.0372627787292003,-0.802524209022522,gyroscope,Walking,Gyroscope_1.csv
1761307743091580200,8.654580078125,0.3028364479541778,0.0636827051639556,-0.8219192028045654,gyroscope,Walking,Gyroscope_1.csv
1761307743108356000,8.671356201171875,0.2788599729537964,0.0710130855441093,-0.8710938692092896,gyroscope,Walking,Gyroscope_1.csv
1761307743125200600,8.68820068359375,0.2422080636024475,0.052381694316864,-0.9199630618095398,gyroscope,Walking,Gyroscope_1.csv
1761307743142022000,8.70502197265625,0.2109012305736541,0.0771217346191406,-0.9590584635734558,gyroscope,Walking,Gyroscope_1.csv
1761307743158840800,8.7218408203125,0.2054034322500229,0.1178969889879226,-0.9900598526000975,gyroscope,Walking,Gyroscope_1.csv
1761307743175665400,8.73866552734375,0.2131919711828231,0.1194241568446159,-0.9654725193977356,gyroscope,Walking,Gyroscope_1.csv
1761307743192490000,8.755489990234375,0.2196060568094253,0.0623082555830478,-0.8920159935951233,gyroscope,Walking,Gyroscope_1.csv
1761307743209325300,8.7723251953125,0.230907067656517,-0.0091629782691597,-0.8266534209251404,gyroscope,Walking,Gyroscope_1.csv
1761307743226132200,8.78913232421875,0.2480112910270691,-0.0525344125926494,-0.8002334833145142,gyroscope,Walking,Gyroscope_1.csv
1761307743242965800,8.8059658203125,0.2612976133823395,-0.0662788823246955,-0.803135097026825,gyroscope,Walking,Gyroscope_1.csv
1761307743259787000,8.822787109375,0.2628247737884521,-0.0520762614905834,-0.8037459254264832,gyroscope,Walking,Gyroscope_1.csv
1761307743276608500,8.8396083984375,0.2509129047393799,-0.0290160998702049,-0.7670940160751343,gyroscope,Walking,Gyroscope_1.csv
1761307743293430500,8.856430419921875,0.2202169150114059,0.0172569435089826,-0.707534670829773,gyroscope,Walking,Gyroscope_1.csv
1761307743310252000,8.873251953125,0.1727221459150314,0.0833831056952476,-0.651945948600769,gyroscope,Walking,Gyroscope_1.csv
1761307743327073500,8.890073486328125,0.1064432710409164,0.1574505120515823,-0.6067419052124023,gyroscope,Walking,Gyroscope_1.csv
1761307743343893200,8.906893310546875,0.0313068442046642,0.1896736621856689,-0.5624541640281677,gyroscope,Walking,Gyroscope_1.csv
1761307743360700000,8.923699951171875,-0.0308486949652433,0.197004035115242,-0.5174028873443604,gyroscope,Walking,Gyroscope_1.csv
1761307743377524500,8.9405244140625,-0.0675006061792373,0.1901318132877349,-0.4680754840373993,gyroscope,Walking,Gyroscope_1.csv
1761307743394346000,8.957345947265624,-0.0722348168492317,0.1650863289833068,-0.389426589012146,gyroscope,Walking,Gyroscope_1.csv
1761307743411158300,8.974158203125,-0.0568104684352874,0.0902553424239158,-0.2863430976867676,gyroscope,Walking,Gyroscope_1.csv
1761307743427993000,8.9909931640625,-0.0390953756868839,0.0293215326964855,-0.1560760736465454,gyroscope,Walking,Gyroscope_1.csv
1761307743444811000,9.00781103515625,-0.0739146918058395,0.0145080499351024,-0.0557414554059505,gyroscope,Walking,Gyroscope_1.csv
1761307743461650000,9.02464990234375,-0.1496619880199432,0.0659734457731247,-0.0404698215425014,gyroscope,Walking,Gyroscope_1.csv
1761307743478451200,9.041451171875,-0.2084577679634094,0.1821905523538589,-0.0914770737290382,gyroscope,Walking,Gyroscope_1.csv
1761307743495289900,9.058289794921874,-0.2385428845882415,0.2837468981742859,-0.1400408595800399,gyroscope,Walking,Gyroscope_1.csv
1761307743512107000,9.07510693359375,-0.2400700449943542,0.347276896238327,-0.1417207419872284,gyroscope,Walking,Gyroscope_1.csv
1761307743528920300,9.09192041015625,-0.2018909603357315,0.3498730659484863,-0.0594066455960273,gyroscope,Walking,Gyroscope_1.csv
1761307743545740000,9.108739990234374,-0.1243110746145248,0.3063489198684692,0.1275181174278259,gyroscope,Walking,Gyroscope_1.csv
1761307743562586600,9.125586669921876,-0.0329867228865623,0.2745839357376098,0.3943135142326355,gyroscope,Walking,Gyroscope_1.csv
1761307743579397600,9.142397705078125,0.0316122770309448,0.2645046412944793,0.6931793093681335,gyroscope,Walking,Gyroscope_1.csv
1761307743596200700,9.15920068359375,0.0383317954838275,0.2791654169559479,0.9720393419265748,gyroscope,Walking,Gyroscope_1.csv
1761307743613026800,9.17602685546875,-0.0038179077673703,0.2602286040782928,1.2202032804489136,gyroscope,Walking,Gyroscope_1.csv
1761307743629848600,9.1928486328125,-0.0487165041267871,0.1660026311874389,1.4098769426345823,gyroscope,Walking,Gyroscope_1.csv
1761307743646670000,9.209670166015623,-0.04505131021142,0.0511599630117416,1.5511395931243896,gyroscope,Walking,Gyroscope_1.csv
1761307743663491800,9.226491943359376,0.0197004042565822,-0.0784961804747581,1.6717854738235474,gyroscope,Walking,Gyroscope_1.csv
1761307743680315600,9.243315673828125,0.1215621829032898,-0.2050980031490326,1.782046675682068,gyroscope,Walking,Gyroscope_1.csv
1761307743697136000,9.26013623046875,0.197462186217308,-0.313832014799118,1.8819230794906616,gyroscope,Walking,Gyroscope_1.csv
1761307743713970400,9.276970458984374,0.1496619880199432,-0.3883575797080993,1.954310655593872,gyroscope,Walking,Gyroscope_1.csv
1761307743730792000,9.2937919921875,0.0117591563612222,-0.40943244099617,1.9283488988876345,gyroscope,Walking,Gyroscope_1.csv
1761307743747609600,9.310609619140624,-0.1624901592731475,-0.3028364479541778,1.7763961553573608,gyroscope,Walking,Gyroscope_1.csv
1761307743764439300,9.327439208984377,-0.3486513495445251,-0.0603229440748691,1.579850196838379,gyroscope,Walking,Gyroscope_1.csv
1761307743781257000,9.344257080078124,-0.5062545537948608,0.2243402600288391,1.419498085975647,gyroscope,Walking,Gyroscope_1.csv
1761307743798073600,9.361073486328126,-0.6203336715698242,0.4951062798500061,1.30801522731781,gyroscope,Walking,Gyroscope_1.csv
1761307743814899700,9.377899658203123,-0.6798930168151855,0.6995934247970581,1.2441798448562622,gyroscope,Walking,Gyroscope_1.csv
1761307743831721700,9.3947216796875,-0.6606507897377014,0.7780895829200745,1.2324206829071045,gyroscope,Walking,Gyroscope_1.csv
1761307743848528000,9.41152783203125,-0.5952881574630737,0.7629706859588623,1.255022644996643,gyroscope,Walking,Gyroscope_1.csv
1761307743865349400,9.428349365234377,-0.5351179838180542,0.7301366925239563,1.2759448289871216,gyroscope,Walking,Gyroscope_1.csv
1761307743882172200,9.445172119140626,-0.4732678532600403,0.685390830039978,1.2655600309371948,gyroscope,Walking,Gyroscope_1.csv
1761307743898990000,9.461989990234375,-0.4126394689083099,0.6852380633354187,1.2040153741836548,gyroscope,Walking,Gyroscope_1.csv
1761307743915820000,9.478820068359376,-0.3390302062034607,0.7000515460968018,1.0978775024414062,gyroscope,Walking,Gyroscope_1.csv
1761307743932637400,9.495637451171875,-0.2551889419555664,0.7234171628952026,0.993419587612152,gyroscope,Walking,Gyroscope_1.csv
1761307743949475800,9.512475830078126,-0.1800525337457656,0.6482807397842407,0.9396634697914124,gyroscope,Walking,Gyroscope_1.csv
1761307743966294300,9.529294189453124,-0.1128573566675186,0.537408709526062,0.9285151958465576,gyroscope,Walking,Gyroscope_1.csv
1761307743983116000,9.546115966796876,-0.0418442711234092,0.3504839241504669,0.9150761365890504,gyroscope,Walking,Gyroscope_1.csv
1761307743999935500,9.562935546875,0.0354301854968071,0.1324050426483154,0.8978192210197449,gyroscope,Walking,Gyroscope_1.csv
1761307744016780300,9.5797802734375,0.1223257631063461,-0.0517708286643028,0.8570439219474792,gyroscope,Walking,Gyroscope_1.csv
1761307744033564700,9.596564697265626,0.2078468948602676,-0.1495092660188675,0.775340735912323,gyroscope,Walking,Gyroscope_1.csv
1761307744050398500,9.6133984375,0.2816088795661926,-0.2179261744022369,0.6409503817558289,gyroscope,Walking,Gyroscope_1.csv
1761307744067224000,9.63022412109375,0.327729195356369,-0.2938261926174164,0.480292797088623,gyroscope,Walking,Gyroscope_1.csv
1761307744084049200,9.647049072265624,0.3376557528972626,-0.3643811047077179,0.2906191349029541,gyroscope,Walking,Gyroscope_1.csv
1761307744100831700,9.663831787109377,0.3678936064243316,-0.4318817257881164,0.0302378293126821,gyroscope,Walking,Gyroscope_1.csv
1761307744117675300,9.68067529296875,0.4473060667514801,-0.4812090992927551,-0.2481640130281448,gyroscope,Walking,Gyroscope_1.csv
1761307744134493200,9.6974931640625,0.531758189201355,-0.4891503453254699,-0.46547931432724,gyroscope,Walking,Gyroscope_1.csv
1761307744151318000,9.714318115234375,0.6116288304328918,-0.5048801302909851,-0.6258314251899719,gyroscope,Walking,Gyroscope_1.csv
1761307744168127200,9.731127197265623,0.6725626587867737,-0.5419901609420776,-0.7385360598564148,gyroscope,Walking,Gyroscope_1.csv
1761307744184948200,9.7479482421875,0.7388415336608887,-0.5975789427757263,-0.8086328506469727,gyroscope,Walking,Gyroscope_1.csv
1761307744201803800,9.7648037109375,0.8326093554496765,-0.6852380633354187,-0.860556423664093,gyroscope,Walking,Gyroscope_1.csv
1761307744218618000,9.7816181640625,0.9535606503486632,-0.7916813492774963,-0.8993463516235352,gyroscope,Walking,Gyroscope_1.csv
1761307744235440400,9.7984404296875,1.0795515775680542,-0.8920159935951233,-0.9204211831092834,gyroscope,Walking,Gyroscope_1.csv
1761307744252262100,9.81526220703125,1.1815661191940308,-0.8969029188156128,-0.8967501521110535,gyroscope,Walking,Gyroscope_1.csv
1761307744269083000,9.832082763671876,1.2018773555755615,-0.745408296585083,-0.816726803779602,gyroscope,Walking,Gyroscope_1.csv
1761307744285904600,9.848904541015624,1.1078041791915894,-0.5823072791099548,-0.7024950385093689,gyroscope,Walking,Gyroscope_1.csv
1761307744302722600,9.86572265625,0.9065240025520324,-0.4828889667987823,-0.6145304441452026,gyroscope,Walking,Gyroscope_1.csv
1761307744319552300,9.88255224609375,0.7170031070709229,-0.4560109078884125,-0.5942191481590271,gyroscope,Walking,Gyroscope_1.csv
1761307744336352800,9.899352783203126,0.5786421298980713,-0.4535674452781677,-0.636521577835083,gyroscope,Walking,Gyroscope_1.csv
1761307744353177000,9.916177001953123,0.5085453391075134,-0.4728097021579742,-0.6565274000167847,gyroscope,Walking,Gyroscope_1.csv
1761307744369996500,9.93299658203125,0.4767803251743316,-0.4889976382255554,-0.6383541822433472,gyroscope,Walking,Gyroscope_1.csv
1761307744386823400,9.949823486328125,0.4111123085021972,-0.384845107793808,-0.6872233748435974,gyroscope,Walking,Gyroscope_1.csv
1761307744403642000,9.96664208984375,0.256868839263916,-0.1699732542037964,-0.8100073337554932,gyroscope,Walking,Gyroscope_1.csv
1761307744420458200,9.983458251953126,0.039248090237379,0.1524108797311782,-0.9246972799301147,gyroscope,Walking,Gyroscope_1.csv
1761307744437302800,10.000302734375,-0.178525373339653,0.5641340613365173,-0.9847147464752196,gyroscope,Walking,Gyroscope_1.csv
1761307744454107600,10.017107666015624,-0.3141374588012695,0.8860600590705872,-0.9207266569137572,gyroscope,Walking,Gyroscope_1.csv
1761307744470900500,10.033900390625,-0.3911064863204956,1.4146112203598022,-0.9717338681221008,gyroscope,Walking,Gyroscope_1.csv
1761307744487744500,10.05074462890625,-0.5908594131469727,1.5793920755386353,-1.2195924520492554,gyroscope,Walking,Gyroscope_1.csv
1761307744504579300,10.067579345703123,-0.7024950385093689,1.4877623319625854,-1.39964497089386,gyroscope,Walking,Gyroscope_1.csv
1761307744521413000,10.0844130859375,-0.9138544201850892,1.2950342893600464,-1.5702290534973145,gyroscope,Walking,Gyroscope_1.csv
1761307744538211800,10.1012119140625,-1.3393220901489258,1.3098478317260742,-1.7321083545684814,gyroscope,Walking,Gyroscope_1.csv
1761307744555050000,10.118050048828126,-1.7985399961471558,1.4943290948867798,-1.754863142967224,gyroscope,Walking,Gyroscope_1.csv
1761307744571851500,10.1348515625,-2.240042924880981,1.7580702304840088,-1.6232216358184814,gyroscope,Walking,Gyroscope_1.csv
1761307744588680700,10.1516806640625,-2.5051584243774414,1.8443548679351809,-1.306488037109375,gyroscope,Walking,Gyroscope_1.csv
1761307744605488400,10.16848828125,-2.63191294670105,1.7944166660308838,-0.8326093554496765,gyroscope,Walking,Gyroscope_1.csv
1761307744622322700,10.18532275390625,-2.683989286422729,1.8515325784683228,-0.3019201457500458,gyroscope,Walking,Gyroscope_1.csv
1761307744639142000,10.202141845703125,-2.708118438720703,2.177123785018921,0.2260201424360275,gyroscope,Walking,Gyroscope_1.csv
1761307744655969500,10.218969482421874,-2.494773626327514,2.1601722240448,0.5224425196647644,gyroscope,Walking,Gyroscope_1.csv
1761307744672788000,10.2357880859375,-1.9758436679840088,1.8936822414398196,0.5232060551643372,gyroscope,Walking,Gyroscope_1.csv
1761307744689626600,10.252626708984376,-1.4327844381332395,2.122145891189575,0.5161811113357544,gyroscope,Walking,Gyroscope_1.csv
1761307744706443500,10.269443603515626,-1.0948232412338257,2.1461222171783447,0.4219551682472229,gyroscope,Walking,Gyroscope_1.csv
1761307744723267800,10.286267822265623,-0.9396634697914124,2.0065395832061768,0.323605865240097,gyroscope,Walking,Gyroscope_1.csv
1761307744740084000,10.303083984375,-0.8677340745925903,1.794111251831055,0.3026837408542633,gyroscope,Walking,Gyroscope_1.csv
1761307744756897500,10.3198974609375,-0.8205447196960449,1.676366925239563,0.4091269969940185,gyroscope,Walking,Gyroscope_1.csv
1761307744773731300,10.3367314453125,-0.7449501752853394,1.527010440826416,0.6527095437049866,gyroscope,Walking,Gyroscope_1.csv
1761307744790536000,10.353535888671876,-0.6863071322441101,1.4057536125183103,0.8729264140129089,gyroscope,Walking,Gyroscope_1.csv
1761307744807374000,10.3703740234375,-0.5630650520324707,1.3029755353927612,0.9581421613693236,gyroscope,Walking,Gyroscope_1.csv
1761307744824175900,10.38717578125,-0.5360342264175415,1.0816895961761477,0.8865181803703308,gyroscope,Walking,Gyroscope_1.csv
1761307744841004000,10.404004150390625,-0.5198463201522827,0.6968445181846619,0.6218608021736145,gyroscope,Walking,Gyroscope_1.csv
1761307744857823000,10.420822998046877,-0.5105306506156921,0.6571382880210876,0.2703078687191009,gyroscope,Walking,Gyroscope_1.csv
1761307744874649900,10.43764990234375,-0.4401284158229828,0.9802860021591188,0.0461203269660472,gyroscope,Walking,Gyroscope_1.csv
1761307744891468300,10.45446826171875,-0.218842476606369,1.4155274629592896,0.0751364231109619,gyroscope,Walking,Gyroscope_1.csv
1761307744908295200,10.471295166015626,-0.0557414554059505,1.5699236392974854,0.2562579810619354,gyroscope,Walking,Gyroscope_1.csv
1761307744925130500,10.488130615234375,-0.087353728711605,1.1879801750183103,0.4682282209396362,gyroscope,Walking,Gyroscope_1.csv
1761307744941945900,10.50494580078125,-0.041233405470848,0.7761042714118958,0.6275113224983215,gyroscope,Walking,Gyroscope_1.csv
1761307744958773000,10.52177294921875,0.1976149082183838,0.780380368232727,0.599564254283905,gyroscope,Walking,Gyroscope_1.csv
1761307744975590700,10.538590576171876,0.423329621553421,1.118036150932312,0.498771458864212,gyroscope,Walking,Gyroscope_1.csv
1761307744992412000,10.555411865234374,0.4851797223091125,1.182482361793518,0.4540255963802337,gyroscope,Walking,Gyroscope_1.csv
1761307745009234000,10.57223388671875,0.4517348408699035,0.8843801617622375,0.6598871946334839,gyroscope,Walking,Gyroscope_1.csv
1761307745026057700,10.5890576171875,0.4358523488044739,0.4514294266700744,0.956156849861145,gyroscope,Walking,Gyroscope_1.csv
1761307745042858000,10.60585791015625,0.4309654235839844,0.0447458773851394,1.1618657112121582,gyroscope,Walking,Gyroscope_1.csv
1761307745059682600,10.6226826171875,0.4575380682945251,-0.1977676302194595,1.1293370723724363,gyroscope,Walking,Gyroscope_1.csv
1761307745076498200,10.639498291015624,0.5283984541893005,0.0244346093386411,0.869719386100769,gyroscope,Walking,Gyroscope_1.csv
1761307745093332700,10.656332763671877,0.5998696684837341,0.36529740691185,0.5203045010566711,gyroscope,Walking,Gyroscope_1.csv
1761307745110149600,10.673149658203124,0.5629123449325562,0.5161811113357544,0.2869539558887481,gyroscope,Walking,Gyroscope_1.csv
1761307745126971100,10.68997119140625,0.5671883821487427,0.3723223805427551,0.2915354371070862,gyroscope,Walking,Gyroscope_1.csv
1761307745143792600,10.706792724609375,0.5963571667671204,0.1942551434040069,0.4596760869026184,gyroscope,Walking,Gyroscope_1.csv
1761307745160614000,10.72361376953125,0.5746715068817139,0.1866193264722824,0.622013509273529,gyroscope,Walking,Gyroscope_1.csv
1761307745177453300,10.740453369140624,0.4834998548030853,0.3501785099506378,0.7797694802284241,gyroscope,Walking,Gyroscope_1.csv
1761307745194267600,10.757267578125,0.4283692538738251,0.4303545653820038,0.8597928285598755,gyroscope,Walking,Gyroscope_1.csv
1761307745211096800,10.774096923828123,0.4095851480960846,0.3923282027244568,0.8434522151947021,gyroscope,Walking,Gyroscope_1.csv
1761307745227914200,10.790914306640625,0.4344778954982757,0.3339905738830566,0.760832667350769,gyroscope,Walking,Gyroscope_1.csv
1761307745244739800,10.80773974609375,0.3649919927120209,0.3358231782913208,0.5474879741668701,gyroscope,Walking,Gyroscope_1.csv
1761307745261554400,10.824554443359377,0.4799873530864715,0.3176499307155609,0.3233004212379455,gyroscope,Walking,Gyroscope_1.csv
1761307745278368000,10.841367919921876,0.6982190012931824,0.5700899958610535,0.1670716404914856,gyroscope,Walking,Gyroscope_1.csv
1761307745295172400,10.85817236328125,0.7005097270011902,0.4415028691291809,0.3904955983161926,gyroscope,Walking,Gyroscope_1.csv
1761307745312002000,10.875001953125,0.6690501570701599,-0.1072068512439727,0.508698046207428,gyroscope,Walking,Gyroscope_1.csv
1761307745328830500,10.89183056640625,0.6684392690658569,-0.0456621758639812,0.4619668424129486,gyroscope,Walking,Gyroscope_1.csv
1761307745345637400,10.908637451171876,0.7550294399261475,0.1537853181362152,0.2015855312347412,gyroscope,Walking,Gyroscope_1.csv
1761307745362473200,10.92547314453125,0.7944302558898926,0.3287982046604156,0.0045814891345798,gyroscope,Walking,Gyroscope_1.csv
