time,seconds_elapsed,z,y,x
1761417638812197400,0.126197265625,-2.807994842529297,-0.7857254147529602,-1.2878566980361938
1761417638829039000,0.1430390625,-2.652529716491699,-0.4495968222618103,-1.3675745725631714
1761417638845841000,0.1598408203125,-2.406809091567993,-0.2600758671760559,-1.2328788042068481
1761417638862688800,0.176688720703125,-2.2062926292419434,-0.45433104038238525,-1.0719157457351685
1761417638879529700,0.19352978515625,-1.8918496370315552,-1.0364855527877808,-1.1352930068969727
1761417638896336600,0.210336669921875,-1.1968377828598022,-2.5355489253997803,-1.5398385524749756
1761417638913157600,0.22715771484375,-0.3588833212852478,-4.451680660247803,-1.9265162944793701
1761417638929984500,0.243984619140625,0.2431243658065796,-5.747936725616455,-1.985922932624817
1761417638946813700,0.260813720703125,0.5571091175079346,-4.935944080352783,-1.6436856985092163
1761417638963620600,0.27762060546875,0.2906191349029541,-1.5884023904800415,-1.2131783962249756
1761417638980452900,0.294452880859375,-0.30604347586631775,-0.4824308156967163,-1.244027018547058
1761417638997269000,0.31126904296875,-0.35124751925468445,-1.1789699792861938,-1.4439327716827393
1761417639014093300,0.32809326171875,-0.17898350954055786,-1.5332717895507812,-1.567785620689392
1761417639030923300,0.34492333984375,-0.3101668357849121,-1.843591332435608,-1.4512630701065063
1761417639047757800,0.3617578125,-0.5523748993873596,-2.04655122756958,-1.1151344776153564
1761417639064540200,0.3785400390625,-0.6621779203414917,-2.0590739250183105,-0.9563095569610596
1761417639081400000,0.395400146484375,-0.6556110978126526,-1.7137824296951294,-1.1317806243896484
1761417639098246000,0.412245849609375,-0.593913733959198,-1.4028520584106445,-1.5990924835205078
1761417639115049000,0.429049072265625,-0.35445454716682434,-1.166752576828003,-2.0094411373138428
1761417639131872000,0.4458720703125,0.24678955972194672,-1.0742065906524658,-2.283872365951538
1761417639148696800,0.46269677734375,0.7547240257263184,-1.1969904899597168,-2.313957452774048
1761417639165520100,0.47952001953125,0.9111055135726929,-1.0074695348739624,-1.9393444061279297
1761417639182345000,0.496344970703125,0.7878634333610535,-0.8778133392333984,-1.2837333679199219
1761417639199177200,0.51317724609375,0.6192646622657776,-0.6771441102027893,-0.38866302371025085
1761417639215976400,0.5299765625,0.5473352670669556,-0.7168503403663635,0.38576140999794006
1761417639232815400,0.5468154296875,0.46593746542930603,-1.053742527961731,0.9489791393280029
1761417639249640400,0.563640380859375,0.3572034537792206,-1.3515393733978271,1.5060882568359375
1761417639266451000,0.580450927734375,0.16523905098438263,-1.460120677947998,2.0169243812561035
1761417639283287000,0.597287109375,-0.1287398487329483,-1.1470521688461304,2.364964723587036
1761417639300109800,0.61410986328125,-0.4331034719944,-0.7218900322914124,2.411237955093384
1761417639316922600,0.630922607421875,-0.5650503635406494,-0.21502456068992615,2.2346978187561035
1761417639333740500,0.647740478515625,-0.39965859055519104,0.3026837408542633,1.8985692262649536
1761417639350576400,0.664576416015625,-0.22861631214618683,0.6974554061889648,1.531133770942688
1761417639367377000,0.681376953125,-0.37950003147125244,1.1566733121871948,1.2206615209579468
1761417639384218400,0.69821826171875,-0.5865833759307861,1.3646728992462158,0.9691377282142639
1761417639401042000,0.7150419921875,-0.6765332818031311,1.3776538372039795,0.8668177723884583
1761417639417873000,0.731872802734375,-0.6629415154457092,1.3154983520507812,0.8532260060310364
1761417639434686200,0.748686279296875,-0.6183483600616455,1.1203268766403198,0.8991936445236206
1761417639451517400,0.765517333984375,-0.5426010489463806,0.8384125232696533,1.0114401578903198
1761417639468324600,0.78232470703125,-0.4335615932941437,0.5083925724029541,1.1719449758529663
1761417639485179600,0.7991796875,-0.25244006514549255,0.07987063378095627,1.289689302444458
1761417639502021000,0.816021240234375,-0.08475755155086517,-0.21609358489513397,1.38849675655365
1761417639518811400,0.832811279296875,0.06872233748435974,-0.3764457106590271,1.3990341424942017
1761417639535647200,0.849647216796875,0.21471913158893585,-0.5044219493865967,1.3255776166915894
1761417639552455700,0.86645556640625,0.37171149253845215,-0.6343835592269897,1.2165381908416748
1761417639569290200,0.883290283203125,0.5752823352813721,-0.8237518072128296,1.1313223838806152
1761417639586124300,0.900124267578125,0.716697633266449,-0.917672336101532,1.1227703094482422
1761417639602943200,0.916943115234375,0.7707592248916626,-0.9503536224365234,1.1498011350631714
1761417639619771400,0.933771484375,0.9385944604873657,-1.0291552543640137,1.1640037298202515
1761417639636587300,0.950587158203125,1.107956886291504,-1.1943942308425903,1.1533136367797852
1761417639653416000,0.967416015625,1.183704137802124,-1.477835774421692,1.0149526596069336
1761417639670238700,0.98423876953125,1.3254249095916748,-1.857793927192688,0.6453791260719299
1761417639687063600,1.0010634765625,1.5966490507125854,-2.1734585762023926,0.21838432550430298
1761417639703887000,1.01788720703125,1.832595705986023,-2.3883304595947266,0.05971207842230797
1761417639720707300,1.034707275390625,1.9113973379135132,-2.4133758544921875,0.16172657907009125
1761417639737539000,1.0515390625,1.695609211921692,-2.205223560333252,0.39446622133255005
1761417639754345000,1.068344970703125,1.3979650735855103,-2.0389153957366943,0.6252205967903137
1761417639771180300,1.08518017578125,1.2237157821655273,-1.9398025274276733,0.6973026990890503
1761417639787992000,1.101991943359375,1.1916453838348389,-1.8330538272857666,0.47479501366615295
1761417639804813300,1.118813232421875,1.2620476484298706,-1.6731599569320679,0.02687807008624077
1761417639821633500,1.135633544921875,1.3487904071807861,-1.3859004974365234,-0.45173484086990356
1761417639838448400,1.152448486328125,1.3565789461135864,-1.0251846313476562,-0.8112290501594543
1761417639855292700,1.169292724609375,1.3113750219345093,-0.7467827796936035,-1.0422887802124023
1761417639872101000,1.18610107421875,1.2779301404953003,-0.6397286057472229,-1.2034045457839966
1761417639888932000,1.20293212890625,1.275792121887207,-0.6293439269065857,-1.3388638496398926
1761417639905766700,1.2197666015625,1.2976305484771729,-0.5978843569755554,-1.4439327716827393
1761417639922599200,1.23659912109375,1.3422236442565918,-0.4960225820541382,-1.5230398178100586
1761417639939405800,1.25340576171875,1.4170546531677246,-0.32849279046058655,-1.5903877019882202
1761417639956217600,1.270217529296875,1.4966198205947876,-0.16737708449363708,-1.6061174869537354
1761417639973087000,1.2870869140625,1.5512923002243042,-0.07528914511203766,-1.5318973064422607
1761417639989895000,1.30389501953125,1.5599970817565918,-0.08735372871160507,-1.3984233140945435
1761417640006722300,1.320722412109375,1.5210545063018799,-0.14233160018920898,-1.2377656698226929
1761417640023523600,1.337523681640625,1.4772248268127441,-0.17821992933750153,-1.0708467960357666
1761417640040351200,1.354351318359375,1.459815263748169,-0.17760907113552094,-0.9376781582832336
1761417640057175300,1.37117529296875,1.444696307182312,-0.12690725922584534,-0.8426886200904846
1761417640073995500,1.38799560546875,1.4147639274597168,-0.07742717117071152,-0.7415903806686401
1761417640090813700,1.404813720703125,1.3723087310791016,-0.05742133408784866,-0.6279694437980652
1761417640107636500,1.421636474609375,1.3054190874099731,-0.0507018156349659,-0.5464189648628235
1761417640124460000,1.4384599609375,1.244943380355835,-0.018936822190880775,-0.5004513263702393
1761417640141284600,1.45528466796875,1.1895073652267456,0.04764748737215996,-0.44974952936172485
1761417640158109000,1.47210888671875,1.1366674900054932,0.096211276948452,-0.3969096839427948
1761417640174931200,1.48893115234375,1.0885618925094604,0.12324206531047821,-0.32986724376678467
1761417640191756000,1.505756103515625,1.0062477588653564,0.14569136500358582,-0.26603180170059204
1761417640208581600,1.52258154296875,0.903775155544281,0.02871066704392433,-0.27779096364974976
1761417640225404700,1.53940478515625,0.8840747475624084,-0.11056660860776901,-0.3471241891384125
1761417640242228500,1.556228515625,0.915534257888794,-0.017409659922122955,-0.3110831379890442
1761417640259053600,1.573053466796875,0.7773260474205017,0.28466320037841797,-0.13805554807186127
1761417640275877000,1.589877197265625,0.4983133375644684,0.6186537742614746,0.05467243865132332
1761417640292700400,1.606700439453125,0.11270463466644287,0.7686212062835693,0.13377949595451355
1761417640309538600,1.62353857421875,-0.26969701051712036,0.7316638231277466,0.1739438772201538
1761417640326360000,1.640360107421875,-0.5181664228439331,0.461355984210968,0.3165809214115143
1761417640343181600,1.657181640625,-0.6204863786697388,0.11041389405727386,0.6591235995292664
1761417640360010500,1.674010498046875,-0.6337726712226868,-0.2073887437582016,1.1314750909805298
1761417640376834000,1.690833984375,-0.6644686460494995,-0.485027015209198,1.5821410417556763
1761417640393656300,1.70765625,-0.7913759350776672,-0.7163922190666199,1.8932241201400757
1761417640410480400,1.72448046875,-1.007622241973877,-0.8127561807632446,2.0257818698883057
1761417640427317800,1.74131787109375,-1.271515965461731,-0.7507534027099609,1.9943222999572754
1761417640444141000,1.75814111328125,-1.5349516868591309,-0.5473352670669556,1.8680258989334106
1761417640460949000,1.774948974609375,-1.747685432434082,-0.299018532037735,1.7064520120620728
1761417640477789400,1.79178955078125,-1.8981109857559204,-0.09178250283002853,1.6059647798538208
1761417640494609700,1.808609619140625,-1.9914207458496094,0.01863138936460018,1.6212363243103027
1761417640511408600,1.82540869140625,-2.023643732070923,-0.001679879380390048,1.731955647468567
1761417640528261400,1.842261474609375,-1.9979875087738037,-0.1508837193250656,1.8939876556396484
1761417640545085000,1.8590849609375,-1.9402607679367065,-0.3718642294406891,2.0580050945281982
1761417640561891800,1.875891845703125,-1.903914213180542,-0.5511531829833984,2.1760547161102295
1761417640578712000,1.892712158203125,-1.8932241201400757,-0.6479753255844116,2.208735942840576
1761417640595561500,1.9095615234375,-1.9029979705810547,-0.6679811477661133,2.1562016010284424
1761417640612381400,1.92638134765625,-1.8891007900238037,-0.6250678896903992,2.0399844646453857
1761417640629205500,1.94320556640625,-1.7902933359146118,-0.53328537940979,1.9130772352218628
1761417640646028300,1.9600283203125,-1.6198619604110718,-0.44577890634536743,1.8124371767044067
1761417640662854400,1.9768544921875,-1.436144232749939,-0.3859141170978546,1.7482963800430298
1761417640679678200,1.99367822265625,-1.2443325519561768,-0.3830125033855438,1.703092336654663
1761417640696500000,2.0105,-1.0587822198867798,-0.43218716979026794,1.653001308441162
1761417640713322000,2.027322021484375,-0.8967501521110535,-0.5061018466949463,1.578781247138977
1761417640730134000,2.044134033203125,-0.7247915863990784,-0.5306891798973083,1.4315626621246338
1761417640746960100,2.060960205078125,-0.526107668876648,-0.508698046207428,1.2093604803085327
1761417640763793700,2.077793701171875,-0.3095559775829315,-0.4265366494655609,0.9387471675872803
1761417640780606700,2.094606689453125,-0.11133018881082535,-0.31932979822158813,0.6382014751434326
1761417640797418000,2.11141796875,0.0685696229338646,-0.33337971568107605,0.3306308090686798
1761417640814248200,2.128248291015625,0.27061331272125244,-0.40424007177352905,-0.051770828664302826
1761417640831082500,2.14508251953125,0.5100724697113037,-0.2220495194196701,-0.5193881988525391
1761417640847902200,2.161902099609375,0.7373143434524536,0.28435778617858887,-0.9767735004425049
1761417640864727000,2.17872705078125,0.8677340745925903,0.9132435321807861,-1.2759448289871216
1761417640881568300,2.195568359375,0.880104124546051,1.3318389654159546,-1.3565789461135864
1761417640898372600,2.21237255859375,0.8083274364471436,1.2753338813781738,-1.2226468324661255
1761417640915208200,2.229208251953125,0.7536550164222717,0.8623890280723572,-0.9453139901161194
1761417640932040400,2.24604052734375,0.7428121566772461,0.3675881624221802,-0.6110179424285889
1761417640948860000,2.26285986328125,0.7768678665161133,-0.03955352306365967,-0.2996293902397156
1761417640965676500,2.279676513671875,0.8677340745925903,-0.2269364446401596,-0.1670716404914856
1761417640982497800,2.296497802734375,0.9647089242935181,-0.14233160018920898,-0.22098049521446228
1761417640999334000,2.313333984375,1.0444267988204956,0.07819075137376785,-0.3828597962856293
1761417641016155600,2.33015576171875,1.062294602394104,0.2719877362251282,-0.5787948369979858
1761417641032981000,2.34698095703125,1.0595457553863525,0.4193589985370636,-0.75105881690979
1761417641049802800,2.363802734375,1.0626001358032227,0.547182559967041,-0.8888089060783386
1761417641066624500,2.38062451171875,1.0885618925094604,0.6719517707824707,-0.9651671051979065
1761417641083455200,2.397455322265625,1.1491901874542236,0.7313584089279175,-0.973566472530365
1761417641100276500,2.4142763671875,1.2296717166900635,0.6869179606437683,-0.893390417098999
1761417641117083000,2.431082763671875,1.3037391901016235,0.5522221922874451,-0.7257078886032104
1761417641133928000,2.447927978515625,1.355051875114441,0.3891211748123169,-0.5190827250480652
1761417641150731300,2.464731201171875,1.3524556159973145,0.23976461589336395,-0.3326161205768585
1761417641167580000,2.481579833984375,1.3381003141403198,0.14340060949325562,-0.2070833146572113
1761417641184397600,2.4983974609375,1.3475687503814697,0.0933096632361412,-0.15363261103630066
1761417641201217300,2.51521728515625,1.3910928964614868,0.041233405470848083,-0.14340060949325562
1761417641218043600,2.532043701171875,1.4440854787826538,-0.011759156361222267,-0.14706580340862274
1761417641234863900,2.54886376953125,1.4763085842132568,-0.07024950534105301,-0.1267545372247696
1761417641251679700,2.5656796875,1.478141188621521,-0.10125091671943665,-0.08994990587234497
1761417641268498700,2.582498779296875,1.4448490142822266,-0.12018773704767227,-0.07513642311096191
1761417641285325300,2.5993251953125,1.368032693862915,-0.1310305893421173,-0.08139779418706894
1761417641302137000,2.61613720703125,1.2890783548355103,-0.14477506279945374,-0.08414668589830399
1761417641318973200,2.63297314453125,1.2011138200759888,-0.1618792861700058,-0.09346238523721695
1761417641335797800,2.6497978515625,1.0903944969177246,-0.1540907621383667,-0.10949759185314178
1761417641352622600,2.66662255859375,0.9439395070075989,-0.13729196786880493,-0.13607023656368256
1761417641369448000,2.683447998046875,0.7157813310623169,-0.14905111491680145,-0.19288070499897003
1761417641386295000,2.700294921875,0.46105054020881653,-0.2571742534637451,-0.36071592569351196
1761417641403107300,2.717107421875,0.3448334336280823,-0.29107728600502014,-0.5616905689239502
1761417641419931000,2.733930908203125,0.375071257352829,-0.10934487730264664,-0.5768095254898071
1761417641436755700,2.750755615234375,0.36453384160995483,0.1875356286764145,-0.3286454975605011
1761417641453577000,2.767576904296875,0.14614951610565186,0.32971450686454773,0.009010262787342072
1761417641470405400,2.7844052734375,-0.24007004499435425,0.18707747757434845,0.2672535479068756
1761417641487214800,2.80121484375,-0.5963571667671204,-0.09834930300712585,0.38148534297943115
1761417641504051200,2.81805126953125,-0.7667886018753052,-0.3095559775829315,0.4917465150356293
1761417641520874000,2.8348740234375,-0.7780895829200745,-0.4056145250797272,0.6994407176971436
1761417641537695500,2.851695556640625,-0.7530441284179688,-0.470060795545578,0.9538660645484924
1761417641554518000,2.86851806640625,-0.8077165484428406,-0.5313000679016113,1.1827877759933472
1761417641571348200,2.88534814453125,-0.9589056968688965,-0.5461135506629944,1.354135513305664
1761417641588193500,2.902193603515625,-1.1614075899124146,-0.5157229900360107,1.4468343257904053
1761417641604978000,2.91897802734375,-1.3492486476898193,-0.4460843503475189,1.454164743423462
1761417641621841000,2.9358408203125,-1.5042556524276733,-0.3323107063770294,1.4005613327026367
1761417641638630000,2.9526298828125,-1.6319265365600586,-0.1823432743549347,1.3669637441635132
1761417641655461600,2.969461669921875,-1.7172949314117432,-0.04841107130050659,1.397354245185852
1761417641672295200,2.986295166015625,-1.7652478218078613,0.0065668015740811825,1.4802792072296143
1761417641689097700,3.00309765625,-1.7712037563323975,-0.034666601568460464,1.5906931161880493
1761417641705938400,3.0199384765625,-1.7637206315994263,-0.12247848510742188,1.698510766029358
1761417641722745300,3.036745361328125,-1.769829273223877,-0.22372940182685852,1.7479908466339111
1761417641739582200,3.053582275390625,-1.7832683324813843,-0.28527405858039856,1.7143932580947876
1761417641756394200,3.070394287109375,-1.7747162580490112,-0.28680121898651123,1.610698938369751
1761417641773223200,3.08722314453125,-1.7244726419448853,-0.25534167885780334,1.450346827507019
1761417641790044000,3.1040439453125,-1.656819224357605,-0.16691893339157104,1.2809844017028809
1761417641806868500,3.120868408203125,-1.5693128108978271,-0.08460483700037003,1.1288789510726929
1761417641823692000,3.137692138671875,-1.4608842134475708,-0.04489859566092491,0.9961684942245483
1761417641840516900,3.154516845703125,-1.3410019874572754,-0.05604688450694084,0.8808676600456238
1761417641857339600,3.171339599609375,-1.216843605041504,-0.10491610318422318,0.7657195925712585
1761417641874165000,3.1881650390625,-1.0905472040176392,-0.16691893339157104,0.6360634565353394
1761417641891001900,3.205001953125,-0.9466884136199951,-0.16798794269561768,0.47051894664764404
1761417641907809500,3.2218095703125,-0.7939720749855042,-0.1111774742603302,0.26190847158432007
1761417641924649700,3.238649658203125,-0.6580545902252197,0.01542434748262167,0.013133603148162365
1761417641941474600,3.255474609375,-0.5338962078094482,0.17867808043956757,-0.244804248213768
1761417641958297600,3.272297607421875,-0.3927863538265228,0.26251932978630066,-0.48197266459465027
1761417641975118000,3.2891181640625,-0.21120665967464447,0.14813482761383057,-0.727998673915863
1761417641991959300,3.305959228515625,0.020463986322283745,0.06811147183179855,-1.0529789924621582
1761417642008749600,3.32274951171875,0.2822197377681732,0.25106561183929443,-1.4738651514053345
1761417642025582600,3.33958251953125,0.5432119369506836,0.6436992287635803,-1.7985399961471558
1761417642042406000,3.356406005859375,0.7307475209236145,0.9831876158714294,-1.9075794219970703
1761417642059213300,3.37321337890625,0.8402451276779175,1.0178542137145996,-1.7272214889526367
1761417642076055000,3.390054931640625,0.9010262489318848,0.6484334468841553,-1.299310326576233
1761417642092882400,3.40688232421875,0.9472993016242981,0.08811730891466141,-0.7574729323387146
1761417642109698600,3.423698486328125,1.0293079614639282,-0.43188172578811646,-0.2562579810619354
1761417642126517200,3.440517333984375,1.1310169696807861,-0.7632761001586914,0.09498954564332962
1761417642143347700,3.45734765625,1.2431107759475708,-0.8681922554969788,0.24068090319633484
1761417642160171300,3.474171142578125,1.32863187789917,-0.7687739133834839,0.18341228365898132
1761417642177018400,3.491018310546875,1.3779592514038086,-0.5763513445854187,0.019394971430301666
1761417642193832400,3.50783251953125,1.3807082176208496,-0.39446622133255005,-0.16233743727207184
1761417642210656800,3.52465673828125,1.3396275043487549,-0.23945917189121246,-0.3407101035118103
1761417642227462700,3.541462646484375,1.2823588848114014,-0.11392636597156525,-0.5212207436561584
1761417642244291800,3.558291748046875,1.2649492025375366,-0.011301007121801376,-0.6514877676963806
1761417642261117200,3.5751171875,1.328937292098999,0.043218716979026794,-0.6991352438926697
1761417642277939200,3.591939208984375,1.4424055814743042,0.04398229718208313,-0.6611089110374451
1761417642294762800,3.6087626953125,1.5569428205490112,-0.016798794269561768,-0.5612324476242065
1761417642311587300,3.62558740234375,1.6270395517349243,-0.11713340878486633,-0.42210787534713745
1761417642328395500,3.6423955078125,1.6333009004592896,-0.20845776796340942,-0.2741257846355438
1761417642345223700,3.6592236328125,1.6058119535446167,-0.25793784856796265,-0.17760907113552094
1761417642362058000,3.67605810546875,1.5685492753982544,-0.2548835277557373,-0.1514945775270462
1761417642378890000,3.692889892578125,1.5025757551193237,-0.16539175808429718,-0.17959438264369965
1761417642395694800,3.70969482421875,1.3828462362289429,-0.043218716979026794,-0.24236078560352325
1761417642412520200,3.726520263671875,1.2403619289398193,0.06123924255371094,-0.3306308090686798
1761417642429343000,3.743343017578125,1.1056660413742065,0.1492038369178772,-0.42348232865333557
1761417642446167600,3.76016748046875,0.9767735004425049,0.19043724238872528,-0.4691445231437683
1761417642462989800,3.77698974609375,0.8681922554969788,0.1693623960018158,-0.4694499373435974
1761417642479816200,3.793816162109375,0.7634288668632507,0.12690725922584534,-0.4334088861942291
1761417642496636700,3.81063671875,0.6681338548660278,0.06062837690114975,-0.39477166533470154
1761417642513462300,3.827462158203125,0.5923865437507629,0.02580905705690384,-0.3831652104854584
1761417642530301400,3.844301513671875,0.5201517343521118,0.01817324012517929,-0.4066835343837738
1761417642547101000,3.861100830078125,0.3880521357059479,0.04795292019844055,-0.48945578932762146
1761417642563943400,3.877943359375,0.1895209401845932,0.04382958263158798,-0.6730207800865173
1761417642580773000,3.894773193359375,0.07131851464509964,0.06643159687519073,-0.9019425511360168
1761417642597593600,3.911593505859375,0.12079860270023346,0.17592918872833252,-0.99250328540802
1761417642614417700,3.928417724609375,0.17577648162841797,0.3124575614929199,-0.8498662710189819
1761417642631251200,3.945251220703125,0.07696902006864548,0.38637226819992065,-0.5700899958610535
1761417642648075000,3.962074951171875,-0.24098633229732513,0.3355177342891693,-0.31184670329093933
1761417642664923100,3.978923095703125,-0.6088799238204956,0.23625212907791138,-0.17088955640792847
1761417642681732400,3.995732421875,-0.8307767510414124,0.20662516355514526,-0.10399980843067169
1761417642698540000,4.0125400390625,-0.9068294763565063,0.21212296187877655,0.03695734590291977
1761417642715374600,4.02937451171875,-0.9906707406044006,0.21090123057365417,0.30054569244384766
1761417642732175600,4.046175537109375,-1.168585181236267,0.22892175614833832,0.6003278493881226
1761417642749010200,4.06301025390625,-1.4213306903839111,0.32650747895240784,0.8677340745925903
1761417642765833200,4.079833251953125,-1.651168704032898,0.48655417561531067,1.073290228843689
1761417642782658000,4.096657958984375,-1.7818939685821533,0.6209444999694824,1.200502872467041
1761417642799481000,4.113481201171875,-1.8281669616699219,0.736245334148407,1.2672399282455444
1761417642816306000,4.130305908203125,-1.8373299837112427,0.8347473740577698,1.302364706993103
1761417642833118000,4.147117919921875,-1.8319848775863647,0.8741481900215149,1.3368785381317139
1761417642849958000,4.1639580078125,-1.8237382173538208,0.8562803864479065,1.4007140398025513
1761417642866787300,4.180787353515625,-1.8086192607879639,0.7699956297874451,1.4758504629135132
1761417642883614200,4.1976142578125,-1.7802140712738037,0.656069278717041,1.5346461534500122
1761417642900443000,4.21444287109375,-1.7424931526184082,0.554818332195282,1.5485434532165527
1761417642917254700,4.231254638671875,-1.705383062362671,0.52702397108078,1.5109752416610718
1761417642934083300,4.248083251953125,-1.654223084449768,0.5592471361160278,1.4146112203598022
1761417642950923000,4.264923095703125,-1.5726726055145264,0.6140722632408142,1.2527319192886353
1761417642967718100,4.28171826171875,-1.475545048713684,0.6609562039375305,1.048092007637024
1761417642984559000,4.29855908203125,-1.3562735319137573,0.6766859889030457,0.8333728909492493
1761417643001380600,4.315380615234375,-1.2263119220733643,0.6252205967903137,0.6378960609436035
1761417643018207700,4.332207763671875,-1.0877982378005981,0.561079740524292,0.47342056035995483
1761417643035027200,4.349027099609375,-0.9277516007423401,0.4356996417045593,0.3419318199157715
1761417643051854000,4.36585400390625,-0.7324274182319641,0.2223549485206604,0.2272418737411499
1761417643068682000,4.382681884765625,-0.5170974135398865,-0.01160643994808197,0.11804971098899841
1761417643085511700,4.39951171875,-0.29016098380088806,-0.1771509200334549,0.02825251780450344
1761417643102311000,4.416310791015625,-0.06322455406188965,-0.2539672255516052,-0.05665775015950203
1761417643119150600,4.433150634765625,0.12721268832683563,-0.2330450862646103,-0.1589776873588562
1761417643135955500,4.44995556640625,0.3072652220726013,-0.22128593921661377,-0.2515237629413605
1761417643152800300,4.46680029296875,0.5129740834236145,-0.3804163336753845,-0.3784310221672058
1761417643169622000,4.4836220703125,0.7050912380218506,-0.5616905689239502,-0.5818491578102112
1761417643186430000,4.500429931640625,0.9042332768440247,-0.6991352438926697,-0.8713992834091187
1761417643203269400,4.517269287109375,1.047023057937622,-0.7186829447746277,-1.1794281005859375
1761417643220077000,4.5340771484375,1.1583532094955444,-0.6348416805267334,-1.3840678930282593
1761417643236905700,4.55090576171875,1.2041680812835693,-0.5386304259300232,-1.443169116973877
1761417643253728500,4.567728515625,1.182482361793518,-0.49067750573158264,-1.4043792486190796
1761417643270551600,4.584551513671875,1.134834885597229,-0.5047274231910706,-1.3662000894546509
1761417643287376600,4.601376708984375,1.100015640258789,-0.5436700582504272,-1.3461942672729492
1761417643304199700,4.61819970703125,1.132238745689392,-0.6189591884613037,-1.3523029088974
1761417643321025300,4.635025390625,1.2209669351577759,-0.6577491760253906,-1.4046846628189087
1761417643337837000,4.651837158203125,1.2944234609603882,-0.5505422949790955,-1.5105170011520386
1761417643354681300,4.668681396484375,1.2974777221679688,-0.30543261766433716,-1.631773829460144
1761417643371513300,4.685513427734375,1.211498498916626,-0.05925392732024193,-1.6936239004135132
1761417643388326100,4.702326171875,1.0923798084259033,0.07910704612731934,-1.6682729721069336
1761417643405164800,4.719164794921875,1.0094548463821411,0.11850785464048386,-1.6001615524291992
1761417643421966600,4.735966552734375,1.0476338863372803,0.10812314599752426,-1.5079208612442017
1761417643438788600,4.75278857421875,1.1676689386367798,0.08506298810243607,-1.3814717531204224
1761417643455630000,4.769630126953125,1.2890783548355103,0.05955936014652252,-1.2124147415161133
1761417643472452900,4.786452880859375,1.3290899991989136,0.016798794269561768,-1.0149526596069336
1761417643489277400,4.80327734375,1.2567025423049927,-0.027947084978222847,-0.8135197758674622
1761417643506089500,4.82008935546875,1.1452195644378662,-0.10247264802455902,-0.6745479702949524
1761417643522908200,4.836908203125,1.0542006492614746,-0.16249015927314758,-0.6401867866516113
1761417643539753200,4.853753173828125,0.9868528246879578,-0.1742493063211441,-0.6954700946807861
1761417643556554500,4.870554443359375,0.9207266569137573,-0.09285151958465576,-0.8026769161224365
1761417643573380400,4.88738037109375,0.8439103364944458,0.08491026610136032,-0.9364564418792725
1761417643590207200,4.904207275390625,0.7382306456565857,0.2932153046131134,-1.0693196058273315
1761417643607025200,4.921025146484375,0.6062837839126587,0.45555275678634644,-1.1829406023025513
1761417643623843300,4.93784326171875,0.45295658707618713,0.5444336533546448,-1.2548699378967285
1761417643640665900,4.954665771484375,0.33735033869743347,0.5803219676017761,-1.2893837690353394
1761417643657491700,4.97149169921875,0.2942843437194824,0.599564254283905,-1.306488037109375
1761417643674313000,4.98831298828125,0.2684752643108368,0.5984952449798584,-1.2750284671783447
1761417643691140000,5.00514013671875,0.244804248213768,0.55695641040802,-1.1804970502853394
1761417643707962000,5.021962158203125,0.18768835067749023,0.46899178624153137,-1.0458012819290161
1761417643724786400,5.038786376953125,0.13500121235847473,0.30802878737449646,-0.9819658994674683
1761417643741611000,5.055611083984375,0.1797471046447754,0.23319780826568604,-0.9518807530403137
1761417643758439700,5.072439697265625,0.3130684494972229,0.18570303916931152,-0.8222246170043945
1761417643775258400,5.08925830078125,0.41202861070632935,0.19898934662342072,-0.5149593949317932
1761417643792089600,5.106089599609375,0.3874412775039673,0.22571471333503723,-0.0913243517279625
1761417643808905200,5.1229052734375,0.2073887437582016,0.22052235901355743,0.3240640163421631
1761417643825743400,5.139743408203125,-0.06490442901849747,0.15241087973117828,0.622013509273529
1761417643842568000,5.15656787109375,-0.32650747895240784,0.06475171446800232,0.8071057200431824
1761417643859390700,5.173390625,-0.5283984541893005,-0.023365596309304237,0.9760099649429321
1761417643876213800,5.1902138671875,-0.7319692969322205,-0.11713340878486633,1.1779009103775024
1761417643893025500,5.207025634765625,-0.9728028774261475,-0.19685132801532745,1.359480619430542
1761417643909858000,5.223858154296875,-1.2160799503326416,-0.17348572611808777,1.4595097303390503
1761417643926707000,5.24070703125,-1.4387403726577759,-0.06475171446800232,1.471268892288208
1761417643943523600,5.257523681640625,-1.6262760162353516,0.0884227454662323,1.4146112203598022
1761417643960344000,5.274343994140625,-1.804495930671692,0.26771169900894165,1.3153456449508667
1761417643977159000,5.291158935546875,-1.9883663654327393,0.4444044530391693,1.2107349634170532
1761417643993998000,5.307998046875,-2.141540765762329,0.575893223285675,1.1264355182647705
1761417644010816800,5.324816650390625,-2.2270619869232178,0.6362161636352539,1.077413558959961
1761417644027640600,5.341640625,-2.2521073818206787,0.6359107494354248,1.0740537643432617
1761417644044470500,5.358470458984375,-2.2426390647888184,0.6163630485534668,1.1007791757583618
1761417644061291500,5.37529150390625,-2.2096524238586426,0.5786421298980713,1.1140655279159546
1761417644078114800,5.39211474609375,-2.1487185955047607,0.5083925724029541,1.0934487581253052
1761417644094940400,5.4089404296875,-2.063197374343872,0.4239404797554016,1.0254900455474854
1761417644111762200,5.42576220703125,-1.9564486742019653,0.3666718602180481,0.9231700897216797
1761417644128587500,5.44258740234375,-1.8290832042694092,0.3352122902870178,0.8139779567718506
1761417644145408000,5.459407958984375,-1.6797267198562622,0.3029891550540924,0.7128797173500061
1761417644162238500,5.476238525390625,-1.5053247213363647,0.2594650089740753,0.6269004344940186
1761417644179058400,5.493058349609375,-1.3092368841171265,0.21914790570735931,0.5641340613365173
1761417644195872500,5.50987255859375,-1.1016954183578491,0.16233743727207184,0.5166392922401428
1761417644212694000,5.526694091796875,-0.8816312551498413,0.06872233748435974,0.4648684561252594
1761417644229524500,5.5435244140625,-0.6409503817558289,-0.04153883829712868,0.40362921357154846
1761417644246340600,5.560340576171875,-0.3646865487098694,-0.13454307615756989,0.31520646810531616
1761417644263165400,5.57716552734375,-0.06520986557006836,-0.206777885556221,0.2073887437582016
1761417644279988500,5.593988525390625,0.22739458084106445,-0.2922990322113037,0.09560041129589081
1761417644296800300,5.61080029296875,0.5007568001747131,-0.3871358633041382,0.015118914656341076
1761417644313636400,5.62763623046875,0.7249443531036377,-0.5057964324951172,-0.013897184282541275
1761417644330463500,5.64446337890625,0.889267086982727,-0.7906123399734497,-0.06123924255371094
1761417644347290600,5.66129052734375,1.0334312915802002,-1.130406141281128,-0.28038713335990906
1761417644364118300,5.6781181640625,1.2582297325134277,-1.221272349357605,-0.6400340795516968
1761417644380950000,5.694949951171875,1.4625641107559204,-0.9566149711608887,-1.0021244287490845
1761417644397771000,5.71177099609375,1.5725198984146118,-0.6076582074165344,-1.2084441184997559
1761417644414589700,5.728589599609375,1.5636622905731201,-0.34666603803634644,-1.2748757600784302
1761417644431422200,5.745422119140625,1.4608842134475708,-0.2860376536846161,-1.2528846263885498
1761417644448242000,5.762241943359375,1.3318389654159546,-0.3727805018424988,-1.1794281005859375
1761417644465062000,5.779061767578125,1.2435688972473145,-0.5700899958610535,-1.0575604438781738
1761417644481894100,5.79589404296875,1.250899314880371,-0.7531968355178833,-0.9582948684692383
1761417644498697700,5.81269775390625,1.320690631866455,-0.7188356518745422,-0.925308108329773
1761417644515533800,5.829533935546875,1.3724614381790161,-0.512210488319397,-0.9491318464279175
1761417644532350000,5.846349853515625,1.302059292793274,-0.3003929853439331,-1.0068585872650146
1761417644549171200,5.863171142578125,1.1782063245773315,-0.16584990918636322,-1.1400272846221924
1761417644566009900,5.880009765625,1.0684033632278442,-0.08521570265293121,-1.3903292417526245
1761417644582822000,5.89682177734375,1.0395399332046509,0.007177666760981083,-1.7020232677459717
1761417644599654000,5.91365380859375,1.0813841819763184,0.07254024595022202,-1.9420933723449707
1761417644616485000,5.930485107421875,1.1198687553405762,0.08659014850854874,-1.9853121042251587
1761417644633305600,5.9473056640625,1.0876455307006836,0.09162978827953339,-1.8849774599075317
1761417644650129000,5.96412890625,0.9940304756164551,0.12767083942890167,-1.7272214889526367
1761417644666937300,5.980937255859375,0.8839219808578491,0.1814269721508026,-1.5694655179977417
1761417644683759400,5.99775927734375,0.7950411438941956,0.22159136831760406,-1.463938593864441
1761417644700587800,6.014587890625,0.7247915863990784,0.26710084080696106,-1.4214833974838257
1761417644717411300,6.031411376953125,0.661719799041748,0.3404046595096588,-1.3927727937698364
1761417644734233000,6.048233154296875,0.6052147150039673,0.45814892649650574,-1.3518447875976562
1761417644751062000,6.06506201171875,0.5218316316604614,0.5768095254898071,-1.2759448289871216
1761417644767870500,6.081870361328125,0.4288274049758911,0.6201809644699097,-1.156978726387024
1761417644784709400,6.09870947265625,0.3481931984424591,0.5992587804794312,-1.0309878587722778
1761417644801528300,6.1155283203125,0.28725937008857727,0.5626068711280823,-0.959669291973114
1761417644818375000,6.132375,0.25305092334747314,0.5674937963485718,-0.9566149711608887
1761417644835199000,6.149198974609375,0.2727513313293457,0.589179515838623,-0.9469938278198242
1761417644852016400,6.166016357421875,0.3237585723400116,0.5803219676017761,-0.864679753780365
1761417644868821000,6.182821044921875,0.34834590554237366,0.49327367544174194,-0.699288010597229
1761417644885667600,6.19966748046875,0.2987131178379059,0.22128593921661377,-0.53328537940979
1761417644902506000,6.216506103515625,0.27458393573760986,-0.023060163483023643,-0.4311181604862213
1761417644919312400,6.2333125,0.3225368559360504,-0.10354165732860565,-0.25961771607398987
1761417644936139500,6.250139404296875,0.37048977613449097,-0.07009678333997726,0.018478672951459885
1761417644952946400,6.266946533203125,0.24587325751781464,0.06352998316287994,0.3854559659957886
1761417644969781500,6.283781494140625,-0.13805554807186127,0.19165897369384766,0.7009678483009338
1761417644986615000,6.300614990234375,-0.6450737118721008,0.2658790946006775,0.8243626356124878
1761417645003432700,6.3174326171875,-1.0149526596069336,0.2788599729537964,0.7768678665161133
1761417645020256300,6.33425634765625,-1.1299480199813843,0.2808452844619751,0.7638869881629944
1761417645037080600,6.35108056640625,-1.1104003190994263,0.20372356474399567,0.9256135821342468
1761417645053903400,6.3679033203125,-1.1238393783569336,0.06429356336593628,1.232573390007019
1761417645070729700,6.384729736328125,-1.2402092218399048,-0.09498954564332962,1.5625933408737183
1761417645087550700,6.40155078125,-1.4257594347000122,-0.24953845143318176,1.8266397714614868
1761417645104376000,6.4183759765625,-1.6036739349365234,-0.3608686327934265,1.9695823192596436
1761417645121186300,6.435186279296875,-1.7599027156829834,-0.3462078869342804,2.001347303390503
1761417645138017300,6.452017333984375,-1.914909839630127,-0.17821992933750153,1.95965576171875
1761417645154851300,6.468851318359375,-2.0563251972198486,0.03390302136540413,1.8987219333648682
1761417645171654100,6.485654052734375,-2.1543691158294678,0.16829337179660797,1.862222671508789
1761417645188461600,6.502461669921875,-2.2069034576416016,0.18616119027137756,1.854892373085022
1761417645205306400,6.519306396484375,-2.213928461074829,0.11743884533643723,1.8561140298843384
1761417645222113300,6.53611328125,-2.168724298477173,0.012522737495601177,1.8307631015777588
1761417645238944000,6.552944091796875,-2.098932981491089,-0.05711590126156807,1.7663168907165527
1761417645255777300,6.56977734375,-2.035097599029541,-0.03985895588994026,1.6389514207839966
1761417645272599300,6.586599365234375,-1.945758581161499,0.018020525574684143,1.4636331796646118
1761417645289427500,6.603427490234375,-1.8150333166122437,0.0936150997877121,1.2760975360870361
1761417645306253000,6.620253173828125,-1.657124638557434,0.13668109476566315,1.1162035465240479
1761417645323080000,6.637079833984375,-1.4824172258377075,0.11071932315826416,0.993114173412323
1761417645339911700,6.65391162109375,-1.2957979440689087,0.040622539818286896,0.9024006724357605
1761417645356718300,6.67071826171875,-1.1128437519073486,-0.03726277872920036,0.8298604488372803
1761417645373536500,6.68753662109375,-0.9280570149421692,-0.11835514008998871,0.7267768979072571
1761417645390382000,6.704382080078125,-0.7388415336608887,-0.19532416760921478,0.566119372844696
1761417645407207700,6.721207763671875,-0.5361869931221008,-0.24129177629947662,0.3666718602180481
1761417645424027100,6.738027099609375,-0.31749722361564636,-0.23900102078914642,0.14813482761383057
1761417645440851500,6.7548515625,-0.10399980843067169,-0.18112154304981232,-0.07910704612731934
1761417645457682200,6.77168212890625,0.0780380368232727,-0.06704246252775192,-0.29184088110923767
1761417645474499000,6.7884990234375,0.25182920694351196,0.04688390716910362,-0.46502116322517395
1761417645491323400,6.805323486328125,0.45662176609039307,0.0010690141934901476,-0.5934556126594543
1761417645508142300,6.822142333984375,0.6780604124069214,-0.1941024363040924,-0.769079327583313
1761417645524974000,6.83897412109375,0.940732479095459,-0.29367345571517944,-0.9970847964286804
1761417645541794600,6.855794677734375,1.2237157821655273,-0.23808473348617554,-1.1974486112594604
1761417645558609400,6.872609375,1.4689781665802002,-0.08017606288194656,-1.2759448289871216
1761417645575432000,6.889431884765625,1.6114624738693237,-0.032070424407720566,-1.251968264579773
1761417645592269800,6.906269775390625,1.613295078277588,-0.27259862422943115,-1.161102056503296
1761417645609095000,6.923094970703125,1.565953016281128,-0.617584764957428,-1.0920743942260742
1761417645625917400,6.93991748046875,1.5682437419891357,-0.8681922554969788,-1.085965633392334
1761417645642741800,6.95674169921875,1.65834641456604,-0.9095783233642578,-1.1664471626281738
1761417645659548400,6.97354833984375,1.7629570960998535,-0.675616979598999,-1.3507757186889648
1761417645676376600,6.99037646484375,1.8011361360549927,-0.26450464129447937,-1.617876648902893
1761417645693199600,7.00719970703125,1.7299703359603882,0.15057829022407532,-1.8759671449661255
1761417645710024200,7.024024169921875,1.6120734214782715,0.44715335965156555,-2.057546854019165
1761417645726844400,7.040844482421875,1.4847079515457153,0.5926920175552368,-2.1253528594970703
1761417645743662300,7.057662353515625,1.389107584953308,0.6472117304801941,-2.0945041179656982
1761417645760495400,7.074495361328125,1.358258843421936,0.6827946305274963,-2.0143282413482666
1761417645777320200,7.0913203125,1.3326025009155273,0.6954700946807861,-1.9109392166137695
1761417645794139000,7.108138916015625,1.220050573348999,0.6588181853294373,-1.7431039810180664
1761417645810972400,7.124972412109375,1.0264062881469727,0.589179515838623,-1.5303701162338257
1761417645827786200,7.1417861328125,0.8136724829673767,0.546571671962738,-1.3587169647216797
1761417645844612400,7.1586123046875,0.6484334468841553,0.5742133259773254,-1.292590856552124
1761417645861437000,7.17543701171875,0.5713117122650146,0.641255795955658,-1.2997685670852661
1761417645878248400,7.19224853515625,0.5627595782279968,0.7111998796463013,-1.3087787628173828
1761417645895074600,7.209074462890625,0.580016553401947,0.7458664774894714,-1.288467526435852
1761417645911898600,7.225898681640625,0.5508477091789246,0.6934847831726074,-1.2026410102844238
1761417645928722400,7.242722412109375,0.5074763298034668,0.5598580241203308,-1.0612256526947021
1761417645945547000,7.259547119140625,0.4558582007884979,0.45692721009254456,-0.8830057382583618
1761417645962370300,7.276370361328125,0.43508878350257874,0.417679101228714,-0.694553792476654
1761417645979196000,7.29319580078125,0.46853363513946533,0.3520110845565796,-0.5418374538421631
1761417645996018200,7.31001806640625,0.4902193546295166,0.28237244486808777,-0.4437935948371887
1761417646012862000,7.326862060546875,0.4489859640598297,0.20433442294597626,-0.3712533414363861
1761417646029674800,7.3436748046875,0.3695734739303589,0.1362229436635971,-0.31673362851142883
1761417646046499800,7.360499755859375,0.2767219543457031,0.20082195103168488,-0.34345898032188416
1761417646063329800,7.377329833984375,0.1921171247959137,0.27779096364974976,-0.4836525619029999
1761417646080151300,7.3941513671875,0.13072516024112701,0.37171149253845215,-0.6823364496231079
1761417646096971500,7.410971435546875,0.1319468915462494,0.4599815309047699,-0.7525860071182251
1761417646113813000,7.42781298828125,0.17150041460990906,0.48380526900291443,-0.5890268087387085
1761417646130639400,7.444639404296875,0.1293507218360901,0.5751296281814575,-0.2921462953090668
1761417646147443500,7.461443359375,-0.2428189367055893,0.8213083148002625,-0.1638645976781845
1761417646164269600,7.47826953125,-0.9201157689094543,1.0250319242477417,-0.3084869384765625
1761417646181084400,7.49508447265625,-1.531439185142517,1.182176947593689,-0.5926920175552368
1761417646197918000,7.51191796875,-1.8374826908111572,1.2553280591964722,-0.7835873961448669
1761417646214742800,7.52874267578125,-1.8597792387008667,1.2533427476882935,-0.7064656615257263
1761417646231565600,7.545565673828125,-1.7705929279327393,1.0841331481933594,-0.3536909818649292
1761417646248390100,7.56239013671875,-1.7959438562393188,0.7331910133361816,0.18005253374576569
1761417646265213400,7.57921337890625,-2.0644190311431885,0.2594650089740753,0.6585127115249634
1761417646282038300,7.596038330078125,-2.499049663543701,-0.10048733651638031,0.8735373020172119
1761417646298874400,7.612874267578125,-2.8794660568237305,-0.09453139454126358,0.7212791442871094
1761417646315687200,7.629687255859375,-3.1619911193847656,0.37201693654060364,0.30604347586631775
1761417646332523300,7.646523193359375,-3.3625078201293945,1.035416603088379,-0.06643159687519073
1761417646349347800,7.663347900390625,-3.483764410018921,1.5338826179504395,-0.12828169763088226
1761417646366171000,7.6801708984375,-3.5578320026397705,1.6662876605987549,0.12186761945486069
1761417646382975200,7.696975341796875,-3.562413454055786,1.5155566930770874,0.5064072608947754
1761417646399818800,7.71381884765625,-3.464980363845825,1.3051135540008545,0.8216137290000916
1761417646416644900,7.730644775390625,-3.2595770359039307,1.1788171529769897,0.9246972799301147
1761417646433469400,7.747469482421875,-2.9659035205841064,1.1974486112594604,0.8439103364944458
1761417646450303500,7.764303466796875,-2.6424503326416016,1.3628404140472412,0.71318519115448
1761417646467104300,7.781104248046875,-2.3162481784820557,1.514487624168396,0.6131559610366821
1761417646483939600,7.797939697265625,-2.09083890914917,1.5036448240280151,0.5838344693183899
1761417646500755000,7.8147548828125,-2.0302107334136963,1.2406673431396484,0.6763805150985718
1761417646517594400,7.831594482421875,-1.9460639953613281,0.8715519905090332,0.7489207983016968
1761417646534410500,7.848410400390625,-1.7809776067733765,0.5871942043304443,0.6359107494354248
1761417646551234800,7.86523486328125,-1.5129605531692505,0.4940372705459595,0.3243694305419922
1761417646568058400,7.882058349609375,-1.2192870378494263,0.49006664752960205,-0.2142609804868698
1761417646584878800,7.89887890625,-1.03037691116333,0.6038402915000916,-0.9650143980979919
1761417646601710000,7.9157099609375,-1.0488556623458862,0.9028588533401489,-1.7516560554504395
1761417646618518000,7.93251806640625,-1.2877039909362793,1.3877331018447876,-2.2852468490600586
1761417646635336400,7.94933642578125,-1.579850196838379,1.905135989189148,-2.4216225147247314
1761417646652164900,7.966164794921875,-1.781130313873291,2.22171688079834,-2.3241894245147705
1761417646668988200,7.98298828125,-1.806328535079956,2.213775634765625,-2.211026668548584
1761417646685792000,7.9997919921875,-1.7450892925262451,2.0841195583343506,-2.3209824562072754
1761417646702635800,8.0166357421875,-1.7212655544281006,2.1093177795410156,-2.6397013664245605
1761417646719460400,8.03346044921875,-1.8026633262634277,2.1923954486846924,-2.9326112270355225
1761417646736284200,8.0502841796875,-1.933541178703308,2.1178698539733887,-2.9801061153411865
1761417646753108500,8.0671083984375,-2.017993450164795,1.931708574295044,-2.60182785987854
1761417646769931500,8.083931640625,-2.032806873321533,1.6516269445419312,-1.9336938858032227
1761417646786773500,8.1007734375,-2.0079140663146973,1.3666582107543945,-1.2516628503799438
1761417646803589000,8.117589111328124,-1.9245309829711914,1.023352026939392,-0.8422304391860962
1761417646820422100,8.134422119140625,-1.7910568714141846,0.6383541822433472,-0.7347181439399719
1761417646837224700,8.151224609375,-1.6812539100646973,0.21670444309711456,-0.7554876208305359
1761417646854064000,8.168064208984376,-1.624596118927002,-0.26145032048225403,-0.7544185519218445
1761417646870893000,8.18489306640625,-1.5615242719650269,-0.6479753255844116,-0.6896668672561646
1761417646887713800,8.2017138671875,-1.545336365699768,-0.8620835542678833,-0.599564254283905
1761417646904536600,8.21853662109375,-1.6300939321517944,-0.927446186542511,-0.5002986192703247
1761417646921361400,8.235361328125,-1.6865988969802856,-0.8776606321334839,-0.42668938636779785
1761417646938175200,8.25217529296875,-1.7220290899276733,-0.7858781218528748,-0.4534147381782532
1761417646955009500,8.269009521484374,-1.7495180368423462,-0.675006091594696,-0.6088799238204956
1761417646971832300,8.285832275390625,-1.7218763828277588,-0.6194173693656921,-0.8365799784660339
1761417646988653600,8.302653564453125,-1.6229162216186523,-0.6931793093681335,-1.0186177492141724
1761417647005478400,8.319478515625,-1.4966198205947876,-0.8888089060783386,-1.1143709421157837
1761417647022311000,8.336310791015626,-1.3813190460205078,-1.1093312501907349,-1.149037480354309
1761417647039111700,8.353111572265625,-1.2667818069458008,-1.3300063610076904,-1.1574369668960571
1761417647055952400,8.369952392578124,-1.1227703094482422,-1.528690218925476,-1.2293663024902344
1761417647072749300,8.386749267578125,-0.9353874325752258,-1.5948164463043213,-1.485166072845459
1761417647089598200,8.40359814453125,-0.794277548789978,-1.563051462173462,-1.868789553642273
1761417647106423800,8.420423828125,-0.6954700946807861,-1.4482088088989258,-2.2508857250213623
1761417647123215600,8.437215576171875,-0.6551529765129089,-1.0178542137145996,-2.464841365814209
1761417647140045600,8.454045654296875,-0.5710062980651855,0.10277807712554932,-2.6138923168182373
1761417647156871000,8.470870849609375,-0.3433062732219696,1.1012372970581055,-2.886338233947754
1761417647173694500,8.487694580078125,-0.13515393435955048,0.71318519115448,-3.0448577404022217
1761417647190518300,8.504518310546874,-0.24083362519741058,-0.19685132801532745,-2.7794368267059326
1761417647207341300,8.52134130859375,-0.5177083015441895,-0.5027421116828918,-2.1783454418182373
1761417647224166100,8.538166259765624,-0.9755517840385437,-0.5531384944915771,-1.724930763244629
1761417647240989000,8.554989013671875,-1.4501941204071045,-0.38117989897727966,-1.535562515258789
1761417647257813500,8.5718134765625,-1.7771596908569336,0.07391469180583954,-1.5913039445877075
1761417647274654500,8.588654541015625,-1.8579466342926025,0.6444628238677979,-1.7452419996261597
1761417647291474400,8.605474365234375,-1.7547104358673096,1.338405728340149,-2.014939069747925
1761417647308297500,8.62229736328125,-1.7179057598114014,2.152689218521118,-2.029752492904663
1761417647325122000,8.6391220703125,-1.8151860237121582,2.532341957092285,-1.6389514207839966
1761417647341945300,8.6559453125,-1.9005545377731323,2.3961188793182373,-0.9928087592124939
1761417647358758400,8.67275830078125,-1.9271271228790283,1.6187928915023804,-0.408363401889801
1761417647375606800,8.689606689453125,-1.8813122510910034,0.8805622458457947,0.0328340083360672
1761417647392432000,8.70643212890625,-1.6977472305297852,0.5451972484588623,0.28435778617858887
1761417647409258500,8.723258544921874,-1.3025174140930176,0.5329799056053162,0.31673362851142883
1761417647426073900,8.740073974609375,-0.7664831876754761,0.6386595964431763,0.2148718535900116
1761417647442891500,8.7568916015625,-0.49144110083580017,0.917672336101532,0.1059851199388504
1761417647459711000,8.7737109375,-0.47311514616012573,0.8005388975143433,0.10690141469240189
1761417647476550700,8.790550537109375,-0.5125159621238708,0.5160284042358398,0.3219259977340698
1761417647493375500,8.80737548828125,-0.6806566119194031,0.5705481171607971,0.6351471543312073
1761417647510198500,8.824198486328125,-0.7527387142181396,0.7680103182792664,0.9213374853134155
1761417647527021600,8.841021484375,-0.5618433356285095,1.2163853645324707,1.3629931211471558
1761417647543847400,8.857847412109376,-0.42791110277175903,0.7244861721992493,1.695914626121521
1761417647560671000,8.8746708984375,-0.2961169183254242,0.28069257736206055,1.5905404090881348
1761417647577477400,8.891477294921875,-0.1895209401845932,0.38927388191223145,1.1582005023956299
1761417647594314500,8.908314453125,-0.21471913158893585,0.84574294090271,0.7310529947280884
